"ลำดับ","Item ID","ชื่อสินค้า","ราคาปัจจุบันต่ำสุด (บาท)","ราคาปัจจุบันสูงสุด (บาท)","ราคาเดิมต่ำสุด (บาท)","ราคาเดิมสูงสุด (บาท)","ส่วนลด","คะแนนสินค้า","จำนวนรีวิว","ขายแล้ว (ชิ้น)","สต็อกที่แสดง","หมวดหมู่","ตัวเลือกสินค้า","จำนวนตัวเลือก","จำนวนรูป","รายละเอียด (ย่อ)","URL สินค้า","โฟลเดอร์ข้อมูล/รูป","วันเก็บข้อมูล"
"1","50712224947","การ์ดทองมีมนตร์ 7เดือน7","359","359","","","","","0","3","จำนวน
สินค้าพร้อมส่ง","Shopee > เครื่องเขียน หนังสือ และงานอดิเรก > ของที่ระลึก > พวงกุญแจ","","0","4","มีมนตร์ การ์ดมงคล แผ่นทอง โดยคุณกิ่งมีมนตร์ การ์ดแผ่นทองมีมนตร์ 7 เดือน 7 พญาศรีสัตตะนาคราช ( ลิมิเตด ) จัดสร้างพิเศษ เอกลักษณ์ของมีมนตร์ พกใส่กระเป๋าสตางค์ ติดหลังเคสโทรศัพท์ พกติดตัว","https://shopee.co.th/%E0%B8%81%E0%B8%B2%E0%B8%A3%E0%B9%8C%E0%B8%94%E0%B8%97%E0%B8%AD%E0%B8%87%E0%B8%A1%E0%B8%B5%E0%B8%A1%E0%B8%99%E0%B8%95%E0%B8%A3%E0%B9%8C-7%E0%B9%80%E0%B8%94%E0%B8%B7%E0%B8%AD%E0%B8%997-i.35401261.50712224947?extraParams=%7B%22display_model_id%22%3A396062140435%2C%22model_selection_logic%22%3A3%7D","products/50712224947","2026-07-29T04:18:15.730Z"
"2","40072416686","น้ำหอมมีมนตร์ meemon หอมตัว และหอมกระเป๋า","499","1599","","","","5","5","6","จำนวน
สินค้าพร้อมส่ง","Shopee > ความงามและของใช้ส่วนตัว > อื่นๆ","ชนิด: หอมตัว 10ml 1ขวด | หอมตัว 10ml 3ขวด | หอมกระเป๋า 3ml","3","6","","https://shopee.co.th/%E0%B8%99%E0%B9%89%E0%B8%B3%E0%B8%AB%E0%B8%AD%E0%B8%A1%E0%B8%A1%E0%B8%B5%E0%B8%A1%E0%B8%99%E0%B8%95%E0%B8%A3%E0%B9%8C-meemon-%E0%B8%AB%E0%B8%AD%E0%B8%A1%E0%B8%95%E0%B8%B1%E0%B8%A7-%E0%B9%81%E0%B8%A5%E0%B8%B0%E0%B8%AB%E0%B8%AD%E0%B8%A1%E0%B8%81%E0%B8%A3%E0%B8%B0%E0%B9%80%E0%B8%9B%E0%B9%8B%E0%B8%B2-i.35401261.40072416686?extraParams=%7B%22display_model_id%22%3A315986422253%2C%22model_selection_logic%22%3A3%7D","products/40072416686","2026-07-29T04:18:18.356Z"
"3","42581895245","มีมนตร์ การ์ดแผ่นทองพญานาค การ์ดมงคล 7เดือน7 และแผ่นยันต์หนังแท้","159","399","","","","","0","0","จำนวน
สินค้าพร้อมส่ง","Shopee > เครื่องใช้ในบ้าน > อุปกรณ์ตกแต่งบ้าน > ธูป เทียน พระพุทธรูป และของเกี่ยวกับศาสนา","แบบ: แผ่นทองนาคาผงธูป | แผ่นยันต์หนังแท้","2","4","มีมนตร์ การ์ดมงคล แผ่นทอง และแผ่นยันต์ หนังแท้ โดยคุณกิ่งมีมนตร์ 1.การ์ดแผ่นทองนาคา บรรจุผงธูปมงคลทิเบต 2.แผ่นยันต์ หนังแท้พรีเมียม แผ่นหนังจากกระเป๋าสตางค์รุ่นซ่อนเงิน รุ่นที่เป็นเอกลักษณ์ของกระเป๋ามีมนตร์มากว่า 10 ปี นำแผ่นหนังของตัวกระเป๋า ที่ถือว่าเป็นบ้านของเงิน นำมาลงอักขร…","https://shopee.co.th/%E0%B8%A1%E0%B8%B5%E0%B8%A1%E0%B8%99%E0%B8%95%E0%B8%A3%E0%B9%8C-%E0%B8%81%E0%B8%B2%E0%B8%A3%E0%B9%8C%E0%B8%94%E0%B9%81%E0%B8%9C%E0%B9%88%E0%B8%99%E0%B8%97%E0%B8%AD%E0%B8%87%E0%B8%9E%E0%B8%8D%E0%B8%B2%E0%B8%99%E0%B8%B2%E0%B8%84-%E0%B8%81%E0%B8%B2%E0%B8%A3%E0%B9%8C%E0%B8%94%E0%B8%A1%E0%B8%87%E0%B8%84%E0%B8%A5-7%E0%B9%80%E0%B8%94%E0%B8%B7%E0%B8%AD%E0%B8%997-%E0%B9%81%E0%B8%A5%E0%B8%B0%E0%B9%81%E0%B8%9C%E0%B9%88%E0%B8%99%E0%B8%A2%E0%B8%B1%E0%B8%99%E0%B8%95%E0%B9%8C%E0%B8%AB%E0%B8%99%E0%B8%B1%E0%B8%87%E0%B9%81%E0%B8%97%E0%B9%89-i.35401261.42581895245?extraParams=%7B%22display_model_id%22%3A386093127512%2C%22model_selection_logic%22%3A3%7D","products/42581895245","2026-07-29T04:18:21.191Z"
"4","54812394246","กำไลประคำทิเบต จีน กำไลเศรษฐี กำไลมงคล สำหรับข้อมือไม่เกิน 16 cm. โดยกิ่งมีมนตร์ พร้อมซองหนังแท้","999","1599","","","","","0","2","จำนวน
สินค้าพร้อมส่ง","Shopee > เครื่องประดับ > กำไล > จี้กำไล","แบบที่: TB1 พลังเงินต่อเงิน | TB2 เปิดทางโชคลาภ | TB3 คุ้มครองทรัพย์ | TB4 พลังเรียกเงิน | TB5 สำเร็จตามหวัง | TB6 น้ำเต้าดึงโชค | TB7 สำเร็จทุกทาง","7","12","กำไลอธิษจากวัดจีน ทิเบต พร้อมซองหนังแท้รุ่นลิมิเตด 7.7 มีติดโลโก้ดวงตาสามเหลี่ยมพีระมิด คละสี TB1 พลังดึงเงินต่อเงิน // ซองหนังคละสี TB2 พลังเปิดทางโชคลาภ // ซองหนังคละสี TB3 พลังคุ้มครองทรัพย์ // ซองหนังคละสี TB4 พลังเรียกเงิน คน ลูกค้า // ซองหนังคละสี TB5 พลังสำเร็จตามหวัง // …","https://shopee.co.th/%E0%B8%81%E0%B8%B3%E0%B9%84%E0%B8%A5%E0%B8%9B%E0%B8%A3%E0%B8%B0%E0%B8%84%E0%B8%B3%E0%B8%97%E0%B8%B4%E0%B9%80%E0%B8%9A%E0%B8%95-%E0%B8%88%E0%B8%B5%E0%B8%99-%E0%B8%81%E0%B8%B3%E0%B9%84%E0%B8%A5%E0%B9%80%E0%B8%A8%E0%B8%A3%E0%B8%A9%E0%B8%90%E0%B8%B5-%E0%B8%81%E0%B8%B3%E0%B9%84%E0%B8%A5%E0%B8%A1%E0%B8%87%E0%B8%84%E0%B8%A5-%E0%B8%AA%E0%B8%B3%E0%B8%AB%E0%B8%A3%E0%B8%B1%E0%B8%9A%E0%B8%82%E0%B9%89%E0%B8%AD%E0%B8%A1%E0%B8%B7%E0%B8%AD%E0%B9%84%E0%B8%A1%E0%B9%88%E0%B9%80%E0%B8%81%E0%B8%B4%E0%B8%99-16-cm.-%E0%B9%82%E0%B8%94%E0%B8%A2%E0%B8%81%E0%B8%B4%E0%B9%88%E0%B8%87%E0%B8%A1%E0%B8%B5%E0%B8%A1%E0%B8%99%E0%B8%95%E0%B8%A3%E0%B9%8C-%E0%B8%9E%E0%B8%A3%E0%B9%89%E0%B8%AD%E0%B8%A1%E0%B8%8B%E0%B8%AD%E0%B8%87%E0%B8%AB%E0%B8%99%E0%B8%B1%E0%B8%87%E0%B9%81%E0%B8%97%E0%B9%89-i.35401261.54812394246?extraParams=%7B%22display_model_id%22%3A386074763764%2C%22model_selection_logic%22%3A3%7D","products/54812394246","2026-07-29T04:18:24.118Z"
"5","24805368805","ธูปเสี่ยงทายผ่านพิธีแล้ว#ธูปตัวเลข#ธูปเสี่ยงทาย","100","100","","","","5","12","28","จำนวน
สินค้าพร้อมส่ง","Shopee > เครื่องใช้ในบ้าน > อุปกรณ์ตกแต่งบ้าน > ธูป เทียน พระพุทธรูป และของเกี่ยวกับศาสนา","","0","5","ธูปเสี่ยงทายผ่านพิธีแล้ว#ธูปตัวเลข#ธูปเสี่ยงทาย","https://shopee.co.th/%E0%B8%98%E0%B8%B9%E0%B8%9B%E0%B9%80%E0%B8%AA%E0%B8%B5%E0%B9%88%E0%B8%A2%E0%B8%87%E0%B8%97%E0%B8%B2%E0%B8%A2%E0%B8%9C%E0%B9%88%E0%B8%B2%E0%B8%99%E0%B8%9E%E0%B8%B4%E0%B8%98%E0%B8%B5%E0%B9%81%E0%B8%A5%E0%B9%89%E0%B8%A7-%E0%B8%98%E0%B8%B9%E0%B8%9B%E0%B8%95%E0%B8%B1%E0%B8%A7%E0%B9%80%E0%B8%A5%E0%B8%82-%E0%B8%98%E0%B8%B9%E0%B8%9B%E0%B9%80%E0%B8%AA%E0%B8%B5%E0%B9%88%E0%B8%A2%E0%B8%87%E0%B8%97%E0%B8%B2%E0%B8%A2-i.35401261.24805368805?extraParams=%7B%22display_model_id%22%3A250140056679%2C%22model_selection_logic%22%3A3%7D","products/24805368805","2026-07-29T04:18:26.960Z"
"6","56159160409","สบู่สครับ น้ำมันหอมระเหย กลิ่นตระใคร้หอม ขนาด 30 กรัม","189","899","","","","5","4","5","จำนวน
1 ก้อน ไม่มีกล่อง
3 ก้อน ไม่มีกล่อง
5 ก้อน ไม่มีกล่อง
10 ก้อน ไม่มีกล่อง","Shopee > ความงามและของใช้ส่วนตัว > ผลิตภัณฑ์อาบน้ำและดูแลผิวกาย > ผลิตภัณฑ์อาบน้ำ","","0","4","สบู่สครับผสมน้ำมันหอมระเหยและตระไคร้หอมเป็นสบู่ที่มีคุณสมบัติในการทำความสะอาดโดยไม่ทำลายเซลล์ผิว นอกจากนี้ สบู่สครับยังมีสารบำรุงผิวพรรณจากน้ำมันหอมระเหยที่ช่วยในการเปลี่ยนผิวให้กระจ่างใส และมีสูตรที่ไม่มีสารอันตรายและเหมาะกับผิวที่แพ้ง่ายด้วยคุณสมบัติของสบู่สครับผสมน้ำมันหอมระเ…","https://shopee.co.th/%E0%B8%AA%E0%B8%9A%E0%B8%B9%E0%B9%88%E0%B8%AA%E0%B8%84%E0%B8%A3%E0%B8%B1%E0%B8%9A-%E0%B8%99%E0%B9%89%E0%B8%B3%E0%B8%A1%E0%B8%B1%E0%B8%99%E0%B8%AB%E0%B8%AD%E0%B8%A1%E0%B8%A3%E0%B8%B0%E0%B9%80%E0%B8%AB%E0%B8%A2-%E0%B8%81%E0%B8%A5%E0%B8%B4%E0%B9%88%E0%B8%99%E0%B8%95%E0%B8%A3%E0%B8%B0%E0%B9%83%E0%B8%84%E0%B8%A3%E0%B9%89%E0%B8%AB%E0%B8%AD%E0%B8%A1-%E0%B8%82%E0%B8%99%E0%B8%B2%E0%B8%94-30-%E0%B8%81%E0%B8%A3%E0%B8%B1%E0%B8%A1-i.35401261.56159160409?extraParams=%7B%22display_model_id%22%3A310811542692%2C%22model_selection_logic%22%3A2%7D","products/56159160409","2026-07-29T04:18:36.054Z"
"7","48657427183","มีมนตร์ กล้วยหนึบ นาคีมีมนตร์","159","405","","","","","0","0","จำนวน
สินค้าพร้อมส่ง","Shopee > อาหารและเครื่องดื่ม > ขนม > ขนมแห้ง","กล่อง: 1 กล่อง | 2 กล่อง | 3 กล่อง","3","4","นาคีมีมนตร์ กล้วยหนึบ อบธรรมชาติ กิ่งทำเองนะคะ เปิดเป็นรอบๆ ค่ะ 1กล่อง 200 กรัม กล่องละ 159 ***ซื้อ 3 กล่อง คุ้มมากค่ะ 3กล่อง กิ่งให้ธูปตัวเลขมีมนตร์ 1 แพค [มี10ชิ้น]","https://shopee.co.th/%E0%B8%A1%E0%B8%B5%E0%B8%A1%E0%B8%99%E0%B8%95%E0%B8%A3%E0%B9%8C-%E0%B8%81%E0%B8%A5%E0%B9%89%E0%B8%A7%E0%B8%A2%E0%B8%AB%E0%B8%99%E0%B8%B6%E0%B8%9A-%E0%B8%99%E0%B8%B2%E0%B8%84%E0%B8%B5%E0%B8%A1%E0%B8%B5%E0%B8%A1%E0%B8%99%E0%B8%95%E0%B8%A3%E0%B9%8C-i.35401261.48657427183?extraParams=%7B%22display_model_id%22%3A405658961221%2C%22model_selection_logic%22%3A3%7D","products/48657427183","2026-07-29T04:18:38.912Z"
"8","41581805815","มีมนตร์ กำไลดวงตาทิเบต กำไลเปิดทาง 5 ธาตุ กำไลมงคลจากวัดเทือกเขาทิเบต โดยกิ่งมีมนตร์","1590","1990","1999","2599","-20%","5","2","2","จำนวน
สินค้าพร้อมส่ง","Shopee > เครื่องประดับ > กำไล > อื่นๆ","สี: แดงเข้ม | ฟ้า | ชมพู | น้ำตาล | แดงสด | ม่วง | ดำ","7","8","กำไลดวงตาทิเบต กำไลเปิดทาง 5 ธาตุ กำไลมงคลจากวัดเทือกเขาทิเบต เดินทางทำการอธิฐาน ขอพร โดยคุณกิ่งมีมนตร์ แนะนำเลือกจากความหมายที่ต้องการเสริมนะคะ เพราะแตาละเส้นผ่านการอธิฐานที่เน้นเฉพาะเรื่องที่ต้องการเสริมค่ะ สวมข้อมือ หรือพกไว้ในกระเป๋าสตางค์ได้ค่ะ","https://shopee.co.th/%E0%B8%A1%E0%B8%B5%E0%B8%A1%E0%B8%99%E0%B8%95%E0%B8%A3%E0%B9%8C-%E0%B8%81%E0%B8%B3%E0%B9%84%E0%B8%A5%E0%B8%94%E0%B8%A7%E0%B8%87%E0%B8%95%E0%B8%B2%E0%B8%97%E0%B8%B4%E0%B9%80%E0%B8%9A%E0%B8%95-%E0%B8%81%E0%B8%B3%E0%B9%84%E0%B8%A5%E0%B9%80%E0%B8%9B%E0%B8%B4%E0%B8%94%E0%B8%97%E0%B8%B2%E0%B8%87-5-%E0%B8%98%E0%B8%B2%E0%B8%95%E0%B8%B8-%E0%B8%81%E0%B8%B3%E0%B9%84%E0%B8%A5%E0%B8%A1%E0%B8%87%E0%B8%84%E0%B8%A5%E0%B8%88%E0%B8%B2%E0%B8%81%E0%B8%A7%E0%B8%B1%E0%B8%94%E0%B9%80%E0%B8%97%E0%B8%B7%E0%B8%AD%E0%B8%81%E0%B9%80%E0%B8%82%E0%B8%B2%E0%B8%97%E0%B8%B4%E0%B9%80%E0%B8%9A%E0%B8%95-%E0%B9%82%E0%B8%94%E0%B8%A2%E0%B8%81%E0%B8%B4%E0%B9%88%E0%B8%87%E0%B8%A1%E0%B8%B5%E0%B8%A1%E0%B8%99%E0%B8%95%E0%B8%A3%E0%B9%8C-i.35401261.41581805815?extraParams=%7B%22display_model_id%22%3A431074742377%2C%22model_selection_logic%22%3A3%7D","products/41581805815","2026-07-29T04:18:42.220Z"
"9","40476503649","มีมนตร์ กระเป๋าสตางค์ใบยาว หนังเทียมวีแกน กระเป๋ามีมนตร์[ รับทันที พวงกุญแจปี่เซี๊ยะมีมนตร์ ]","2699","2699","","","","5","8","16","จำนวน
สินค้าพร้อมส่ง","Shopee > กระเป๋า > กระเป๋าสตางค์ > กระเป๋าสตางค์ผู้หญิง","สี: ชมพู | เขียว | ดำ | น้ำตาล | เทา | ขาว","6","11","คอลเลคชั่นใหม่ กระเป๋าสตางค์ใบยาว ซิปแอล หนังวีแกน(หนังเทียม) ✨ กระเป๋าสตางค์ใบยาวหนังวีแกน ✨ พร้อมรับพวงกุญแจปี่เซี๊ยะมีมนตร์1999 กระเป๋าสตางค์ใบยาวทำจากหนังวีแกน ให้ความรู้สึกนุ่มและสบาย น้ำหนักเบา ออกแบบมาเพื่อใส่ธนบัตร ใส่การ์ด และใส่เหรียญ ให้การจัดเก็บง่ายและสะดวก ฟีเจอร์พ…","https://shopee.co.th/%E0%B8%A1%E0%B8%B5%E0%B8%A1%E0%B8%99%E0%B8%95%E0%B8%A3%E0%B9%8C-%E0%B8%81%E0%B8%A3%E0%B8%B0%E0%B9%80%E0%B8%9B%E0%B9%8B%E0%B8%B2%E0%B8%AA%E0%B8%95%E0%B8%B2%E0%B8%87%E0%B8%84%E0%B9%8C%E0%B9%83%E0%B8%9A%E0%B8%A2%E0%B8%B2%E0%B8%A7-%E0%B8%AB%E0%B8%99%E0%B8%B1%E0%B8%87%E0%B9%80%E0%B8%97%E0%B8%B5%E0%B8%A2%E0%B8%A1%E0%B8%A7%E0%B8%B5%E0%B9%81%E0%B8%81%E0%B8%99-%E0%B8%81%E0%B8%A3%E0%B8%B0%E0%B9%80%E0%B8%9B%E0%B9%8B%E0%B8%B2%E0%B8%A1%E0%B8%B5%E0%B8%A1%E0%B8%99%E0%B8%95%E0%B8%A3%E0%B9%8C-%E0%B8%A3%E0%B8%B1%E0%B8%9A%E0%B8%97%E0%B8%B1%E0%B8%99%E0%B8%97%E0%B8%B5-%E0%B8%9E%E0%B8%A7%E0%B8%87%E0%B8%81%E0%B8%B8%E0%B8%8D%E0%B9%81%E0%B8%88%E0%B8%9B%E0%B8%B5%E0%B9%88%E0%B9%80%E0%B8%8B%E0%B8%B5%E0%B9%8A%E0%B8%A2%E0%B8%B0%E0%B8%A1%E0%B8%B5%E0%B8%A1%E0%B8%99%E0%B8%95%E0%B8%A3%E0%B9%8C--i.35401261.40476503649?extraParams=%7B%22display_model_id%22%3A262167740707%2C%22model_selection_logic%22%3A3%7D","products/40476503649","2026-07-29T04:18:45.190Z"
"10","57260024730","[ ใหม่ ] มีมนตร์ กำไลมงคลศาสตร์จีน กำไลมีมนตร์ Meemon มี 9 แบบให้เลือกตามความต้องการ","990","1980","","","","5","1","10","จำนวน
สินค้าพร้อมส่ง","Shopee > เครื่องประดับ > กำไล > อื่นๆ","ความหมาย: 1.เรียกเงิน | 2.ดึงโชค | 3.สำเร็จ | 4.ป้องกันพลังลบ | 5.เมตตามหานิยม | 6.เปิดโอกาสใหม่ | 7.เร่งผลลัพธ์ | 8.เงินต่อเงิน | 9.บารมี อำนาจ | 1+7 เซทหาเงิน ปิดยอด | 1+5 เซทมหาเสน่ห์ | 2+8 เซทโชคลาภ | 1+4 ป้องกันพลังลบ","13","17","มีมนตร์ กำไลมงคลศาสตร์จีน กำไลมีมนตร์ Meemon มี 9 แบบให้เลือกตามความต้องการ ผ่านพิธี โดยคุณกิ่งมีมนตร์","https://shopee.co.th/-%E0%B9%83%E0%B8%AB%E0%B8%A1%E0%B9%88-%E0%B8%A1%E0%B8%B5%E0%B8%A1%E0%B8%99%E0%B8%95%E0%B8%A3%E0%B9%8C-%E0%B8%81%E0%B8%B3%E0%B9%84%E0%B8%A5%E0%B8%A1%E0%B8%87%E0%B8%84%E0%B8%A5%E0%B8%A8%E0%B8%B2%E0%B8%AA%E0%B8%95%E0%B8%A3%E0%B9%8C%E0%B8%88%E0%B8%B5%E0%B8%99-%E0%B8%81%E0%B8%B3%E0%B9%84%E0%B8%A5%E0%B8%A1%E0%B8%B5%E0%B8%A1%E0%B8%99%E0%B8%95%E0%B8%A3%E0%B9%8C-Meemon-%E0%B8%A1%E0%B8%B5-9-%E0%B9%81%E0%B8%9A%E0%B8%9A%E0%B9%83%E0%B8%AB%E0%B9%89%E0%B9%80%E0%B8%A5%E0%B8%B7%E0%B8%AD%E0%B8%81%E0%B8%95%E0%B8%B2%E0%B8%A1%E0%B8%84%E0%B8%A7%E0%B8%B2%E0%B8%A1%E0%B8%95%E0%B9%89%E0%B8%AD%E0%B8%87%E0%B8%81%E0%B8%B2%E0%B8%A3-i.35401261.57260024730?extraParams=%7B%22display_model_id%22%3A340884420288%2C%22model_selection_logic%22%3A3%7D","products/57260024730","2026-07-29T04:18:47.950Z"
"11","54755163486","[รุ่นยอดนิยม] มีมนตร์ กระเป๋าสตางค์ ขนาดใบกลาง หนังแท้พรีเมียม","2599","2599","","","","5","2","6","จำนวน
สินค้าพร้อมส่ง","Shopee > กระเป๋า > กระเป๋าสตางค์ > กระเป๋าสตางค์ผู้หญิง","สี: ส้ม | เหลือง | ฟ้า | ม่วง | เขียว | เบจ | ชมพูเข้ม | ดำ | แดง","9","12","กระเป๋าสตางค์ใบกลางหนังแท้พรีเมียม ✨ กระเป๋าสตางค์ใบกลาง ทำจากหนังแท้ พร้อมสายคล้องมือ ดีไซน์มีฟังก์ชั่นด้านหน้า 6 ช่องใส่บัตร 2 ช่องลับ ช่องซิปด้านบนสำหรับธนบัตร ขนาดพกพาสะดวก ใช้งานง่าย ตอบโจทย์สำหรับผู้ที่ชอบกระเป๋าเล็ก แต่จุได้เยอะ ฟีเจอร์พิเศษ 6 ช่องใส่บัตร + 2 ช่องลับ ช่อง…","https://shopee.co.th/-%E0%B8%A3%E0%B8%B8%E0%B9%88%E0%B8%99%E0%B8%A2%E0%B8%AD%E0%B8%94%E0%B8%99%E0%B8%B4%E0%B8%A2%E0%B8%A1-%E0%B8%A1%E0%B8%B5%E0%B8%A1%E0%B8%99%E0%B8%95%E0%B8%A3%E0%B9%8C-%E0%B8%81%E0%B8%A3%E0%B8%B0%E0%B9%80%E0%B8%9B%E0%B9%8B%E0%B8%B2%E0%B8%AA%E0%B8%95%E0%B8%B2%E0%B8%87%E0%B8%84%E0%B9%8C-%E0%B8%82%E0%B8%99%E0%B8%B2%E0%B8%94%E0%B9%83%E0%B8%9A%E0%B8%81%E0%B8%A5%E0%B8%B2%E0%B8%87-%E0%B8%AB%E0%B8%99%E0%B8%B1%E0%B8%87%E0%B9%81%E0%B8%97%E0%B9%89%E0%B8%9E%E0%B8%A3%E0%B8%B5%E0%B9%80%E0%B8%A1%E0%B8%B5%E0%B8%A2%E0%B8%A1-i.35401261.54755163486?extraParams=%7B%22display_model_id%22%3A272358196685%2C%22model_selection_logic%22%3A3%7D","products/54755163486","2026-07-29T04:18:50.639Z"
"12","55107507648","มีมนตร์ กำไลตากรุดหวายเมืองเหือง 2026","1699","3698","","","","","0","0","จำนวน
สินค้าพร้อมส่ง","Shopee > เครื่องประดับ > กำไล > อื่นๆ","แบบ: เชือกเขียว นะเมตตา | เชือกแดง ป้องกัน | เชือกดำ ความปัง | คู่กระเป๋าสามเหลี่ยม | กระเป๋าหนัง","5","6","🍀💰 กำไลตะกรุดหวายมีมนตร์ วาระพิเศษ ✨✨ ⚫️เชือกดำ ความหมาย โชค ลาภ 💰 🔴เชือกแดง ความหมาย ป้องกัน. 🫶 🟢เชือกเขียว ความหมาย นะเมตตา . 💖 👉เลือกกดสั่งเฉพาะกำไล 👉👉หรือ กดสั่งแบบกำไล+กระเป๋าสามเหลี่ยมหนังแท้ 📍หากกดสั่งพร้อมกระเป่าสามเหลี่ยมหนังแท้ คุณกิ่งจะเลือกสีกระเป๋าให้นะคะ","https://shopee.co.th/%E0%B8%A1%E0%B8%B5%E0%B8%A1%E0%B8%99%E0%B8%95%E0%B8%A3%E0%B9%8C-%E0%B8%81%E0%B8%B3%E0%B9%84%E0%B8%A5%E0%B8%95%E0%B8%B2%E0%B8%81%E0%B8%A3%E0%B8%B8%E0%B8%94%E0%B8%AB%E0%B8%A7%E0%B8%B2%E0%B8%A2%E0%B9%80%E0%B8%A1%E0%B8%B7%E0%B8%AD%E0%B8%87%E0%B9%80%E0%B8%AB%E0%B8%B7%E0%B8%AD%E0%B8%87-2026-i.35401261.55107507648?extraParams=%7B%22display_model_id%22%3A325668476636%2C%22model_selection_logic%22%3A3%7D","products/55107507648","2026-07-29T04:18:53.686Z"
"13","56009564515","การ์ดโฮลเดอร์หนังแท้ มีมนตร์ รุ่น Eye Meemon ช่องซิป มีสายคล้องมือ (พร้อมซองมงคล+e-book)","1999","1999","","","","5","1","3","จำนวน
สินค้าพร้อมส่ง","Shopee > กระเป๋า > กระเป๋าสตางค์ > กระเป๋าสตางค์ผู้หญิง","สี: ส้ม | แดง | เขียว | เหลือง | ชมพู | ม่วง | น้ำเงิน","7","8","2026 มีมนตร์ การ์ดโฮลเดอร์หนังแท้ มี2 ช่องด้านหน้า 3ช่องด้านหลัง มีช่องซิป พร้อมสายคล้องมือ หนังแท้ พรีเมียม มีกลิ่นหอมเป็นเอกลักษณ์เฉพาะของมีมนตร์ ประดับสัญลักษณ์ดวงตา รุ่นนี้มากด้วยความพิเศษ และผลิตจำนวนจำกัด","https://shopee.co.th/%E0%B8%81%E0%B8%B2%E0%B8%A3%E0%B9%8C%E0%B8%94%E0%B9%82%E0%B8%AE%E0%B8%A5%E0%B9%80%E0%B8%94%E0%B8%AD%E0%B8%A3%E0%B9%8C%E0%B8%AB%E0%B8%99%E0%B8%B1%E0%B8%87%E0%B9%81%E0%B8%97%E0%B9%89-%E0%B8%A1%E0%B8%B5%E0%B8%A1%E0%B8%99%E0%B8%95%E0%B8%A3%E0%B9%8C-%E0%B8%A3%E0%B8%B8%E0%B9%88%E0%B8%99-Eye-Meemon-%E0%B8%8A%E0%B9%88%E0%B8%AD%E0%B8%87%E0%B8%8B%E0%B8%B4%E0%B8%9B-%E0%B8%A1%E0%B8%B5%E0%B8%AA%E0%B8%B2%E0%B8%A2%E0%B8%84%E0%B8%A5%E0%B9%89%E0%B8%AD%E0%B8%87%E0%B8%A1%E0%B8%B7%E0%B8%AD-(%E0%B8%9E%E0%B8%A3%E0%B9%89%E0%B8%AD%E0%B8%A1%E0%B8%8B%E0%B8%AD%E0%B8%87%E0%B8%A1%E0%B8%87%E0%B8%84%E0%B8%A5-e-book)-i.35401261.56009564515?extraParams=%7B%22display_model_id%22%3A435846039892%2C%22model_selection_logic%22%3A3%7D","products/56009564515","2026-07-29T04:18:56.533Z"
"14","45261063328","[ NEW ดวงตาทิเบต ] กระเป๋าสตางค์มีมนตร์ ซ่อนเงิน ลิมิเตด หนังแท้พรีเมียม 2026","3999","3999","4599","4599","-13%","5","1","1","จำนวน
สินค้าพร้อมส่ง","Shopee > กระเป๋า > กระเป๋าสตางค์ > กระเป๋าสตางค์ผู้หญิง","สี: ส้ม เปิดประตูการเงิน | ชมพู เสน่ห์รุ่งเรือง | แดง เงินลับเงินไว | ฟ้า รวยซ้ำซ้อน | ดำ เงินก้อน เงินลับ | เหลือง เงินเทวดา | ทอง เงินเร็วหลายทาง | เขียวมัทฉะ วาจาทรัพย | ม่วง เงินใหญ่ | ขาว 462 เลขเทวดา | น้ำตาล 168 ฮกลกซิ่ว | น้ำเงิน 789 เลขมังกร","12","12","เฉพาะกิจ รุ่นดวงตา โครตปัง 🌟 กระเป๋าสตางค์ MEEMON Limited New2026 🌟 วัสดุ: กระเป๋าสตางค์ทำจากหนังแท้พรีเมียม รุ่นสายสอด ให้ความรู้สึกหอมเมื่อใช้งาน. เปิดเฉพาะกิจ MEEMON Limited New2026. ความพิเศษ: กระเป๋าสตางค์นี้เป็นรุ่นลิมิเตด ชมภาพเพิ่มเติม ทางข้อความได้เลยนะคะ","https://shopee.co.th/-NEW-%E0%B8%94%E0%B8%A7%E0%B8%87%E0%B8%95%E0%B8%B2%E0%B8%97%E0%B8%B4%E0%B9%80%E0%B8%9A%E0%B8%95-%E0%B8%81%E0%B8%A3%E0%B8%B0%E0%B9%80%E0%B8%9B%E0%B9%8B%E0%B8%B2%E0%B8%AA%E0%B8%95%E0%B8%B2%E0%B8%87%E0%B8%84%E0%B9%8C%E0%B8%A1%E0%B8%B5%E0%B8%A1%E0%B8%99%E0%B8%95%E0%B8%A3%E0%B9%8C-%E0%B8%8B%E0%B9%88%E0%B8%AD%E0%B8%99%E0%B9%80%E0%B8%87%E0%B8%B4%E0%B8%99-%E0%B8%A5%E0%B8%B4%E0%B8%A1%E0%B8%B4%E0%B9%80%E0%B8%95%E0%B8%94-%E0%B8%AB%E0%B8%99%E0%B8%B1%E0%B8%87%E0%B9%81%E0%B8%97%E0%B9%89%E0%B8%9E%E0%B8%A3%E0%B8%B5%E0%B9%80%E0%B8%A1%E0%B8%B5%E0%B8%A2%E0%B8%A1-2026-i.35401261.45261063328?extraParams=%7B%22display_model_id%22%3A380993396929%2C%22model_selection_logic%22%3A3%7D","products/45261063328","2026-07-29T04:18:59.982Z"
"15","48405180890","[ NEW2026 Gen Audy ] มีมนตร์ เจน ออดี้ กระเป๋าสตางค์พับสั้น หนังแท้พรีเมียม MEEMON Gen Audy 2026","2899","2899","","","","","0","0","จำนวน
สินค้าพร้อมส่ง","Shopee > กระเป๋า > กระเป๋าสตางค์ > กระเป๋าสตางค์ผู้ชาย","สี: น้ำตาล | ม่วง | แดง | ส้ม | เหลือง | ขาว | ดำ | น้ำเงินเข้ม","8","9","🌟 ผลิตภัณฑ์ใหม่ 2026 🌟 Meemon Gen Audy กระเป๋าสตางค์พับสั้น หนังแท้พรีเมียม ใหม่! ดีไซน์ใหม่ รับปีม้า ตอบโจทย์ทุกการใช้งาน พร้อมทุกไลฟ์สไตล์ จาก กิ่งมีมนตร์ 📌 รายละเอียดสินค้า วัสดุ: หนังแท้พรีเมียม กลิ่น: กลิ่นหอมเฉพาะของมีมนตร์ สัญลักษณ์: ประดับสัญลักษณ์ดวงตาสามเหลี่ยม ผ่าน…","https://shopee.co.th/-NEW2026-Gen-Audy-%E0%B8%A1%E0%B8%B5%E0%B8%A1%E0%B8%99%E0%B8%95%E0%B8%A3%E0%B9%8C-%E0%B9%80%E0%B8%88%E0%B8%99-%E0%B8%AD%E0%B8%AD%E0%B8%94%E0%B8%B5%E0%B9%89-%E0%B8%81%E0%B8%A3%E0%B8%B0%E0%B9%80%E0%B8%9B%E0%B9%8B%E0%B8%B2%E0%B8%AA%E0%B8%95%E0%B8%B2%E0%B8%87%E0%B8%84%E0%B9%8C%E0%B8%9E%E0%B8%B1%E0%B8%9A%E0%B8%AA%E0%B8%B1%E0%B9%89%E0%B8%99-%E0%B8%AB%E0%B8%99%E0%B8%B1%E0%B8%87%E0%B9%81%E0%B8%97%E0%B9%89%E0%B8%9E%E0%B8%A3%E0%B8%B5%E0%B9%80%E0%B8%A1%E0%B8%B5%E0%B8%A2%E0%B8%A1-MEEMON-Gen-Audy-2026-i.35401261.48405180890?extraParams=%7B%22display_model_id%22%3A297357788388%2C%22model_selection_logic%22%3A3%7D","products/48405180890","2026-07-29T04:19:02.826Z"
"16","49306921204","[ เฉพาะกิจ ] กำไลจากคำชะโนด กิ่งรับฝากบูชา พร้อมอธิษฐานให้ที่คำชะโนด คละแบบ คละสี คละลาย","159","159","","","","","0","0","จำนวน
สินค้าพร้อมส่ง","Shopee > เครื่องประดับ > กำไล > จี้กำไล","","0","4","เปิดเฉพาะกิจนะคะ กำไลจากคำชะโนด ขออนุญาติอธิฐาน และหยิบคละแบบคละสีคละลายให้นะคะ กิ่งรับฝากบูชา พร้อมอธิษฐานให้ที่คำชะโนด คละแบบคละสี คละลาย พร้อมนำเข้าพิธีบวงสรวง ที่คำชะโนดให้ วันที่ 9 มีนานี้ค่ะ","https://shopee.co.th/-%E0%B9%80%E0%B8%89%E0%B8%9E%E0%B8%B2%E0%B8%B0%E0%B8%81%E0%B8%B4%E0%B8%88-%E0%B8%81%E0%B8%B3%E0%B9%84%E0%B8%A5%E0%B8%88%E0%B8%B2%E0%B8%81%E0%B8%84%E0%B8%B3%E0%B8%8A%E0%B8%B0%E0%B9%82%E0%B8%99%E0%B8%94-%E0%B8%81%E0%B8%B4%E0%B9%88%E0%B8%87%E0%B8%A3%E0%B8%B1%E0%B8%9A%E0%B8%9D%E0%B8%B2%E0%B8%81%E0%B8%9A%E0%B8%B9%E0%B8%8A%E0%B8%B2-%E0%B8%9E%E0%B8%A3%E0%B9%89%E0%B8%AD%E0%B8%A1%E0%B8%AD%E0%B8%98%E0%B8%B4%E0%B8%A9%E0%B8%90%E0%B8%B2%E0%B8%99%E0%B9%83%E0%B8%AB%E0%B9%89%E0%B8%97%E0%B8%B5%E0%B9%88%E0%B8%84%E0%B8%B3%E0%B8%8A%E0%B8%B0%E0%B9%82%E0%B8%99%E0%B8%94-%E0%B8%84%E0%B8%A5%E0%B8%B0%E0%B9%81%E0%B8%9A%E0%B8%9A-%E0%B8%84%E0%B8%A5%E0%B8%B0%E0%B8%AA%E0%B8%B5-%E0%B8%84%E0%B8%A5%E0%B8%B0%E0%B8%A5%E0%B8%B2%E0%B8%A2-i.35401261.49306921204?extraParams=%7B%22display_model_id%22%3A355616470865%2C%22model_selection_logic%22%3A3%7D","products/49306921204","2026-07-29T04:19:18.781Z"
"17","56758239381","เมล็ดข้าวเงินแท้ มีมนตร์ พกติดกระเป๋าเป็นมงคล ขนาดเท่าเมล็ดข้าวจริง สวยงาม เงินแท้","599","2995","","","","","0","0","จำนวน
1 เมล็ด
2 เมล็ด
3 เมล็ด
5 เมล็ด
แบบตะกรุด 1 เมล็ด
แบบตะกรุด 3 เมล็ด","Shopee > เครื่องประดับ > อื่นๆ","","0","5","เมล็ดข้าวสาร เงินแท้ สลักยันต์อักขระ พกติดกระเป๋าสตางค์เป็นมงคล ผลิตเพียงครั้งเดียว","https://shopee.co.th/%E0%B9%80%E0%B8%A1%E0%B8%A5%E0%B9%87%E0%B8%94%E0%B8%82%E0%B9%89%E0%B8%B2%E0%B8%A7%E0%B9%80%E0%B8%87%E0%B8%B4%E0%B8%99%E0%B9%81%E0%B8%97%E0%B9%89-%E0%B8%A1%E0%B8%B5%E0%B8%A1%E0%B8%99%E0%B8%95%E0%B8%A3%E0%B9%8C-%E0%B8%9E%E0%B8%81%E0%B8%95%E0%B8%B4%E0%B8%94%E0%B8%81%E0%B8%A3%E0%B8%B0%E0%B9%80%E0%B8%9B%E0%B9%8B%E0%B8%B2%E0%B9%80%E0%B8%9B%E0%B9%87%E0%B8%99%E0%B8%A1%E0%B8%87%E0%B8%84%E0%B8%A5-%E0%B8%82%E0%B8%99%E0%B8%B2%E0%B8%94%E0%B9%80%E0%B8%97%E0%B9%88%E0%B8%B2%E0%B9%80%E0%B8%A1%E0%B8%A5%E0%B9%87%E0%B8%94%E0%B8%82%E0%B9%89%E0%B8%B2%E0%B8%A7%E0%B8%88%E0%B8%A3%E0%B8%B4%E0%B8%87-%E0%B8%AA%E0%B8%A7%E0%B8%A2%E0%B8%87%E0%B8%B2%E0%B8%A1-%E0%B9%80%E0%B8%87%E0%B8%B4%E0%B8%99%E0%B9%81%E0%B8%97%E0%B9%89-i.35401261.56758239381?extraParams=%7B%22display_model_id%22%3A390732570177%2C%22model_selection_logic%22%3A2%7D","products/56758239381","2026-07-29T04:19:21.926Z"
"18","47157871944","[ การ์ดมงคล ] การ์ดมงคลเมืองเหือง องค์พระนะหน้าทอง องค์พญานาคสีทอง","999","999","","","","","0","0","จำนวน
สินค้าพร้อมส่ง","Shopee > เครื่องใช้ในบ้าน > อุปกรณ์ตกแต่งบ้าน > ธูป เทียน พระพุทธรูป และของเกี่ยวกับศาสนา","","0","5","การ์ดมงคล การ์ดเมืองเหือง ณ วัดป่าเมืองเหือง วาระพิเศษ คุณกิ่งอธิฐาน พร้อมของมงคลเฉพาะพิเศษภายในการ์ด ✅การ์ด 1 ใบ หน้า-หลัง ในการ์ด มีรูปอธิฐาน พร้อมของมงคลภายในการ์ด 1.องค์พระพุทธนาคนิมิตร ( พระนะหน้าทอง ) พลังงาน เปิดทาง การงาน ความสำเร็จ 2.องค์ปู่พญานาค องค์แม่ย่านาคเทวี แห่ง…","https://shopee.co.th/-%E0%B8%81%E0%B8%B2%E0%B8%A3%E0%B9%8C%E0%B8%94%E0%B8%A1%E0%B8%87%E0%B8%84%E0%B8%A5-%E0%B8%81%E0%B8%B2%E0%B8%A3%E0%B9%8C%E0%B8%94%E0%B8%A1%E0%B8%87%E0%B8%84%E0%B8%A5%E0%B9%80%E0%B8%A1%E0%B8%B7%E0%B8%AD%E0%B8%87%E0%B9%80%E0%B8%AB%E0%B8%B7%E0%B8%AD%E0%B8%87-%E0%B8%AD%E0%B8%87%E0%B8%84%E0%B9%8C%E0%B8%9E%E0%B8%A3%E0%B8%B0%E0%B8%99%E0%B8%B0%E0%B8%AB%E0%B8%99%E0%B9%89%E0%B8%B2%E0%B8%97%E0%B8%AD%E0%B8%87-%E0%B8%AD%E0%B8%87%E0%B8%84%E0%B9%8C%E0%B8%9E%E0%B8%8D%E0%B8%B2%E0%B8%99%E0%B8%B2%E0%B8%84%E0%B8%AA%E0%B8%B5%E0%B8%97%E0%B8%AD%E0%B8%87-i.35401261.47157871944?extraParams=%7B%22display_model_id%22%3A282487673879%2C%22model_selection_logic%22%3A3%7D","products/47157871944","2026-07-29T04:19:24.578Z"
"19","40468312433","ปี่เซียะด้ายแดงฮ่องกง ปี่เซียะมีมนตร์ meemon ฮ่องกง","599","599","","","","","0","0","จำนวน
มีสินค้าทั้งหมด 5 ชิ้น","Shopee > เครื่องประดับ > กำไล > อื่นๆ","","0","5","ครั้งแรก! กับ ปี่เซียะ มีมนตร์ ผ่านการทำพิธีโดยซินแสที่ฮ่องกง รับพลังงานดีสุด และกิ่งไปอธิฐานด้วยตนเองให้ค่ะ …..ทำพิธีต้นเดือนกันยาฯนี้ ใน 3 วัดดัง พลังงานดีสุดในเรื่องความปัง *วัดแชกงหมิว **วันหลินฟ้า ***วัดแม่มังกร","https://shopee.co.th/%E0%B8%9B%E0%B8%B5%E0%B9%88%E0%B9%80%E0%B8%8B%E0%B8%B5%E0%B8%A2%E0%B8%B0%E0%B8%94%E0%B9%89%E0%B8%B2%E0%B8%A2%E0%B9%81%E0%B8%94%E0%B8%87%E0%B8%AE%E0%B9%88%E0%B8%AD%E0%B8%87%E0%B8%81%E0%B8%87-%E0%B8%9B%E0%B8%B5%E0%B9%88%E0%B9%80%E0%B8%8B%E0%B8%B5%E0%B8%A2%E0%B8%B0%E0%B8%A1%E0%B8%B5%E0%B8%A1%E0%B8%99%E0%B8%95%E0%B8%A3%E0%B9%8C-meemon-%E0%B8%AE%E0%B9%88%E0%B8%AD%E0%B8%87%E0%B8%81%E0%B8%87-i.35401261.40468312433?extraParams=%7B%22display_model_id%22%3A167303839858%2C%22model_selection_logic%22%3A3%7D","products/40468312433","2026-07-29T04:19:27.589Z"
"20","49407136849","มีมนตร์ กระเป๋าคาด-อก กระเป๋ามีมนตร์ มีกลิ่นหอม มีสัญลักษณ์ดวงตาพีระมิด","1999","1999","","","","5","2","3","จำนวน
สินค้าพร้อมส่ง","Shopee > กระเป๋า > กระเป๋าคาดอก > อื่นๆ","สี: ส้ม | เหลือง | ดำ | เขียว | ม่วง | ขาวครีม | แดง | เขียวนีออน | ชมพูPinkky | เบจ | ชมพูนม","11","13","กระเป๋าคาด-อก มีมนตร์ รุ่นลิมิเตด กระเป๋าคาด-อกผ้า มีมนตร์ รุ่นลิมิเตด ออกแบบมาเพื่อความสะดวกในการใช้งาน ใส่ของได้เยอะ ช่วยให้คุณจัดเก็บของได้อย่างเป็นระเบียบ คุณสมบัติพิเศษ ทนทาน แขงแรง ทำจากผ้าที่มีความทนทาน มีกลิ่นหอม เป็นเอกลักษณ์ มีสัญลักษณ์ดวงตา เพิ่มความพิเศษให้กับกระเป๋า…","https://shopee.co.th/%E0%B8%A1%E0%B8%B5%E0%B8%A1%E0%B8%99%E0%B8%95%E0%B8%A3%E0%B9%8C-%E0%B8%81%E0%B8%A3%E0%B8%B0%E0%B9%80%E0%B8%9B%E0%B9%8B%E0%B8%B2%E0%B8%84%E0%B8%B2%E0%B8%94-%E0%B8%AD%E0%B8%81-%E0%B8%81%E0%B8%A3%E0%B8%B0%E0%B9%80%E0%B8%9B%E0%B9%8B%E0%B8%B2%E0%B8%A1%E0%B8%B5%E0%B8%A1%E0%B8%99%E0%B8%95%E0%B8%A3%E0%B9%8C-%E0%B8%A1%E0%B8%B5%E0%B8%81%E0%B8%A5%E0%B8%B4%E0%B9%88%E0%B8%99%E0%B8%AB%E0%B8%AD%E0%B8%A1-%E0%B8%A1%E0%B8%B5%E0%B8%AA%E0%B8%B1%E0%B8%8D%E0%B8%A5%E0%B8%B1%E0%B8%81%E0%B8%A9%E0%B8%93%E0%B9%8C%E0%B8%94%E0%B8%A7%E0%B8%87%E0%B8%95%E0%B8%B2%E0%B8%9E%E0%B8%B5%E0%B8%A3%E0%B8%B0%E0%B8%A1%E0%B8%B4%E0%B8%94-i.35401261.49407136849?extraParams=%7B%22display_model_id%22%3A310635609295%2C%22model_selection_logic%22%3A3%7D","products/49407136849","2026-07-29T04:19:30.574Z"
"21","45006763759","มีมนตร์ ด้ายดำ ด้ายแดง ม้านำโชคมงคล ผ่านพิธี เสริมความโชคดี ม้ามีมนตร์ กิ่งมีมนตร์","1699","1699","","","","","0","0","จำนวน
สินค้าพร้อมส่ง","Shopee > เครื่องประดับ > กำไล > กำไลแฟชั่น","สี: ด้ายดำ ม้าเงิน | ด้ายดำ ม้าทอง | ด้ายแดง ม้าเงิน | ด้ายแดง ม้าทอง","4","5","ด้ายดำด้ายแดง ม้านำโชค ผ่านพิธี ด้ายแดง นำโชค ด้ายดำ ปัดเป่าสิ่งไม่ดี ใส่คู่กัน มหาเฮง โดย กิ่งมีมนตร์ พร้อมประดับสัญลักษณ์ดวงตา","https://shopee.co.th/%E0%B8%A1%E0%B8%B5%E0%B8%A1%E0%B8%99%E0%B8%95%E0%B8%A3%E0%B9%8C-%E0%B8%94%E0%B9%89%E0%B8%B2%E0%B8%A2%E0%B8%94%E0%B8%B3-%E0%B8%94%E0%B9%89%E0%B8%B2%E0%B8%A2%E0%B9%81%E0%B8%94%E0%B8%87-%E0%B8%A1%E0%B9%89%E0%B8%B2%E0%B8%99%E0%B8%B3%E0%B9%82%E0%B8%8A%E0%B8%84%E0%B8%A1%E0%B8%87%E0%B8%84%E0%B8%A5-%E0%B8%9C%E0%B9%88%E0%B8%B2%E0%B8%99%E0%B8%9E%E0%B8%B4%E0%B8%98%E0%B8%B5-%E0%B9%80%E0%B8%AA%E0%B8%A3%E0%B8%B4%E0%B8%A1%E0%B8%84%E0%B8%A7%E0%B8%B2%E0%B8%A1%E0%B9%82%E0%B8%8A%E0%B8%84%E0%B8%94%E0%B8%B5-%E0%B8%A1%E0%B9%89%E0%B8%B2%E0%B8%A1%E0%B8%B5%E0%B8%A1%E0%B8%99%E0%B8%95%E0%B8%A3%E0%B9%8C-%E0%B8%81%E0%B8%B4%E0%B9%88%E0%B8%87%E0%B8%A1%E0%B8%B5%E0%B8%A1%E0%B8%99%E0%B8%95%E0%B8%A3%E0%B9%8C-i.35401261.45006763759?extraParams=%7B%22display_model_id%22%3A302434298260%2C%22model_selection_logic%22%3A3%7D","products/45006763759","2026-07-29T04:19:34.339Z"
"22","42268302583","(พร้อมส่ง) พวงกุญแจปี่เซียะมีมนตร์ meemon พิธีฮ่องกง เสริมความมงคล พร้อมเหรียญและน้ำเต้ามงคล","999","999","","","","5","1","2","จำนวน
สินค้าพร้อมส่ง","Shopee > เครื่องเขียน หนังสือ และงานอดิเรก > ของที่ระลึก > พวงกุญแจ","","0","5","(พร้อมส่ง) พวงกุญแจปี่เซียะมีมนตร์ meemon พิธีฮ่องกง เสริมความมงคล พร้อมเหรียญและน้ำเต้ามงคล","https://shopee.co.th/(%E0%B8%9E%E0%B8%A3%E0%B9%89%E0%B8%AD%E0%B8%A1%E0%B8%AA%E0%B9%88%E0%B8%87)-%E0%B8%9E%E0%B8%A7%E0%B8%87%E0%B8%81%E0%B8%B8%E0%B8%8D%E0%B9%81%E0%B8%88%E0%B8%9B%E0%B8%B5%E0%B9%88%E0%B9%80%E0%B8%8B%E0%B8%B5%E0%B8%A2%E0%B8%B0%E0%B8%A1%E0%B8%B5%E0%B8%A1%E0%B8%99%E0%B8%95%E0%B8%A3%E0%B9%8C-meemon-%E0%B8%9E%E0%B8%B4%E0%B8%98%E0%B8%B5%E0%B8%AE%E0%B9%88%E0%B8%AD%E0%B8%87%E0%B8%81%E0%B8%87-%E0%B9%80%E0%B8%AA%E0%B8%A3%E0%B8%B4%E0%B8%A1%E0%B8%84%E0%B8%A7%E0%B8%B2%E0%B8%A1%E0%B8%A1%E0%B8%87%E0%B8%84%E0%B8%A5-%E0%B8%9E%E0%B8%A3%E0%B9%89%E0%B8%AD%E0%B8%A1%E0%B9%80%E0%B8%AB%E0%B8%A3%E0%B8%B5%E0%B8%A2%E0%B8%8D%E0%B9%81%E0%B8%A5%E0%B8%B0%E0%B8%99%E0%B9%89%E0%B8%B3%E0%B9%80%E0%B8%95%E0%B9%89%E0%B8%B2%E0%B8%A1%E0%B8%87%E0%B8%84%E0%B8%A5-i.35401261.42268302583?extraParams=%7B%22display_model_id%22%3A119561351504%2C%22model_selection_logic%22%3A3%7D","products/42268302583","2026-07-29T04:19:37.147Z"
"23","43713653218","การ์ดพญานาคเปิดคลังทรัพย์ การ์ดมีมนตร์สำหรับพกไว้ในกระเป๋าสตางค์เพื่อความมงคลส่งเสริมดวงเรื่องการเงิน","599","599","","","","","0","2","จำนวน
สินค้าพร้อมส่ง","Shopee > เครื่องใช้ในบ้าน > อุปกรณ์ตกแต่งบ้าน > ธูป เทียน พระพุทธรูป และของเกี่ยวกับศาสนา","สีของการ์ด: ขาว | ดำ","2","7","การ์ดพญานาคเปิดคลังทรัพย์ การ์ดมีมนตร์สำหรับพกไว้ในกระเป๋าสตางค์เพื่อความมงคลส่งเสริมดวงเรื่องการเงิน","https://shopee.co.th/%E0%B8%81%E0%B8%B2%E0%B8%A3%E0%B9%8C%E0%B8%94%E0%B8%9E%E0%B8%8D%E0%B8%B2%E0%B8%99%E0%B8%B2%E0%B8%84%E0%B9%80%E0%B8%9B%E0%B8%B4%E0%B8%94%E0%B8%84%E0%B8%A5%E0%B8%B1%E0%B8%87%E0%B8%97%E0%B8%A3%E0%B8%B1%E0%B8%9E%E0%B8%A2%E0%B9%8C-%E0%B8%81%E0%B8%B2%E0%B8%A3%E0%B9%8C%E0%B8%94%E0%B8%A1%E0%B8%B5%E0%B8%A1%E0%B8%99%E0%B8%95%E0%B8%A3%E0%B9%8C%E0%B8%AA%E0%B8%B3%E0%B8%AB%E0%B8%A3%E0%B8%B1%E0%B8%9A%E0%B8%9E%E0%B8%81%E0%B9%84%E0%B8%A7%E0%B9%89%E0%B9%83%E0%B8%99%E0%B8%81%E0%B8%A3%E0%B8%B0%E0%B9%80%E0%B8%9B%E0%B9%8B%E0%B8%B2%E0%B8%AA%E0%B8%95%E0%B8%B2%E0%B8%87%E0%B8%84%E0%B9%8C%E0%B9%80%E0%B8%9E%E0%B8%B7%E0%B9%88%E0%B8%AD%E0%B8%84%E0%B8%A7%E0%B8%B2%E0%B8%A1%E0%B8%A1%E0%B8%87%E0%B8%84%E0%B8%A5%E0%B8%AA%E0%B9%88%E0%B8%87%E0%B9%80%E0%B8%AA%E0%B8%A3%E0%B8%B4%E0%B8%A1%E0%B8%94%E0%B8%A7%E0%B8%87%E0%B9%80%E0%B8%A3%E0%B8%B7%E0%B9%88%E0%B8%AD%E0%B8%87%E0%B8%81%E0%B8%B2%E0%B8%A3%E0%B9%80%E0%B8%87%E0%B8%B4%E0%B8%99-i.35401261.43713653218?extraParams=%7B%22display_model_id%22%3A286129297290%2C%22model_selection_logic%22%3A3%7D","products/43713653218","2026-07-29T04:19:40.379Z"
"24","53812245014","พวงกุญแจทิเบต พร้อมซองหนังแท้ มีมนตร์","1599","1599","","","","","0","0","จำนวน
สินค้าพร้อมส่ง","Shopee > เครื่องเขียน หนังสือ และงานอดิเรก > ของที่ระลึก > พวงกุญแจ","","0","4","พวงกุญแจทิเบต พร้อมซองหนังแท้พรีเมียม","https://shopee.co.th/%E0%B8%9E%E0%B8%A7%E0%B8%87%E0%B8%81%E0%B8%B8%E0%B8%8D%E0%B9%81%E0%B8%88%E0%B8%97%E0%B8%B4%E0%B9%80%E0%B8%9A%E0%B8%95-%E0%B8%9E%E0%B8%A3%E0%B9%89%E0%B8%AD%E0%B8%A1%E0%B8%8B%E0%B8%AD%E0%B8%87%E0%B8%AB%E0%B8%99%E0%B8%B1%E0%B8%87%E0%B9%81%E0%B8%97%E0%B9%89-%E0%B8%A1%E0%B8%B5%E0%B8%A1%E0%B8%99%E0%B8%95%E0%B8%A3%E0%B9%8C-i.35401261.53812245014?extraParams=%7B%22display_model_id%22%3A307699063237%2C%22model_selection_logic%22%3A3%7D","products/53812245014","2026-07-29T04:19:43.387Z"
"25","50156738818","MEEMON กระเป๋าสตางค์ใบยาว รุ่นซ่อนเงิน New Limited 2026 ดีไซน์ใหม่ หนังแท้พรีเมียม","3899","3899","","","","5","2","2","จำนวน
มีสินค้าทั้งหมด 95 ชิ้น","Shopee > กระเป๋า > กระเป๋าสตางค์ > กระเป๋าสตางค์ผู้หญิง","สี: ฟ้าเขียว | น้ำเงินดำ | ชมพูขาว | ม่วงเขียว | ส้มน้ำตาล | ดำแดง | นำตาลทอง | ขาว | ชมพู | ดำ | นำตาล | ม่วง | น้ำเงิน | ทอง | ส้ม | เหลือง | ฟ้า","17","19","กระเป๋าสตางค์รุ่นซ่อนเงิน new limited 2026 ดีไซน์ใหม่จากกิ่งมีมนตร์ มีช่องใส่บัตร 12 ช่อง มีช่องแยกธนบัตร 3 ช่อง มีช่องซิปซ่อนเงิน เพิ่มช่องอเนกประสงค์ 1 ช่อง กระเป๋าสตางค์มีสัญลักษณ์ดวงตา มีกลิ่นหอมยาวนาน 6 เดือนถึง 1 ปี","https://shopee.co.th/MEEMON-%E0%B8%81%E0%B8%A3%E0%B8%B0%E0%B9%80%E0%B8%9B%E0%B9%8B%E0%B8%B2%E0%B8%AA%E0%B8%95%E0%B8%B2%E0%B8%87%E0%B8%84%E0%B9%8C%E0%B9%83%E0%B8%9A%E0%B8%A2%E0%B8%B2%E0%B8%A7-%E0%B8%A3%E0%B8%B8%E0%B9%88%E0%B8%99%E0%B8%8B%E0%B9%88%E0%B8%AD%E0%B8%99%E0%B9%80%E0%B8%87%E0%B8%B4%E0%B8%99-New-Limited-2026-%E0%B8%94%E0%B8%B5%E0%B9%84%E0%B8%8B%E0%B8%99%E0%B9%8C%E0%B9%83%E0%B8%AB%E0%B8%A1%E0%B9%88-%E0%B8%AB%E0%B8%99%E0%B8%B1%E0%B8%87%E0%B9%81%E0%B8%97%E0%B9%89%E0%B8%9E%E0%B8%A3%E0%B8%B5%E0%B9%80%E0%B8%A1%E0%B8%B5%E0%B8%A2%E0%B8%A1-i.35401261.50156738818?extraParams=%7B%22display_model_id%22%3A440606028747%2C%22model_selection_logic%22%3A3%7D","products/50156738818","2026-07-29T04:19:46.545Z"
"26","21093793186","กำไลตะกรุดอวนโบราณผ่านพิธีแล้ว ปลุกเสกหลายวาระทั้งที่ลาวและไทย","999","999","","","","5","3","3","จำนวน
สินค้าพร้อมส่ง","Shopee > เครื่องประดับ > กำไล > อื่นๆ","สี: 15cm | 16cm | 17cm | 18cm","4","9","โบราณจารย์ท่านเห็นด้วยญาณจิตสิ่งนี้เป็นของวิเศษ ผู้ใดมีแห อวน ที่ทำพิธีนี้ ให้ท่านผู้นั้นมีกินมีใช้ไม่ขาด มีทรัพย์มากมายมหาศาล จึงเป็นที่มาของวิชา แหอวน ดักทรัพย์","https://shopee.co.th/%E0%B8%81%E0%B8%B3%E0%B9%84%E0%B8%A5%E0%B8%95%E0%B8%B0%E0%B8%81%E0%B8%A3%E0%B8%B8%E0%B8%94%E0%B8%AD%E0%B8%A7%E0%B8%99%E0%B9%82%E0%B8%9A%E0%B8%A3%E0%B8%B2%E0%B8%93%E0%B8%9C%E0%B9%88%E0%B8%B2%E0%B8%99%E0%B8%9E%E0%B8%B4%E0%B8%98%E0%B8%B5%E0%B9%81%E0%B8%A5%E0%B9%89%E0%B8%A7-%E0%B8%9B%E0%B8%A5%E0%B8%B8%E0%B8%81%E0%B9%80%E0%B8%AA%E0%B8%81%E0%B8%AB%E0%B8%A5%E0%B8%B2%E0%B8%A2%E0%B8%A7%E0%B8%B2%E0%B8%A3%E0%B8%B0%E0%B8%97%E0%B8%B1%E0%B9%89%E0%B8%87%E0%B8%97%E0%B8%B5%E0%B9%88%E0%B8%A5%E0%B8%B2%E0%B8%A7%E0%B9%81%E0%B8%A5%E0%B8%B0%E0%B9%84%E0%B8%97%E0%B8%A2-i.35401261.21093793186?extraParams=%7B%22display_model_id%22%3A176130873719%2C%22model_selection_logic%22%3A3%7D","products/21093793186","2026-07-29T04:19:54.670Z"
"27","53111345373","มีมนตร์ กระเป๋าสตางค์มินิ NEW ใส่การ์ด ใส่ธนบัตร ใส่เรียญได้ กระเป๋าสตางค์หนังแท้ มีกลิ่นหอม ดวงตาทิเบต","3599","3599","","","","","0","0","จำนวน
สินค้าพร้อมส่ง","Shopee > กระเป๋า > กระเป๋าสตางค์ > กระเป๋าสตางค์ผู้หญิง","สี: ชมพู เมตตา ดึงดูด | เขียวมัทฉะวาจาทรัพย์ | ม่วง เงินโชค เงินลับ | ฟ้า รวยซ้ำซ้อน | ดำ เงินลับ โชคลาภ | แดง เงินเข้าไว | ส้ม เปิดทางทรัพย์ | เหลือง เงินเทวดา | ทอง เงินหลายทาง","9","10","MEEMON กระเป๋าสตางค์มินิ NEW ใส่การ์ด ใส่ธนบัตร ใส่เรียญได้ #กระเป๋าสตางค์หนังแท้ มีกลิ่นหอม รุ่นดวงตาทิเบต กระเป๋าใบเล็กใส่การ์ด ใส่ธนบัตร ใส่เรียญได้ หนังแท้ มีช่องเสียบบัตร และสาารถใส่ธนบัตรแบบพับได้ มีช่องซิปใส่เหรียญได้ กระเป๋าสตางค์ใบเล็กเหมาะสำหรับท่านที่ชอบกระเป๋าใบเล็กพ…","https://shopee.co.th/%E0%B8%A1%E0%B8%B5%E0%B8%A1%E0%B8%99%E0%B8%95%E0%B8%A3%E0%B9%8C-%E0%B8%81%E0%B8%A3%E0%B8%B0%E0%B9%80%E0%B8%9B%E0%B9%8B%E0%B8%B2%E0%B8%AA%E0%B8%95%E0%B8%B2%E0%B8%87%E0%B8%84%E0%B9%8C%E0%B8%A1%E0%B8%B4%E0%B8%99%E0%B8%B4-NEW-%E0%B9%83%E0%B8%AA%E0%B9%88%E0%B8%81%E0%B8%B2%E0%B8%A3%E0%B9%8C%E0%B8%94-%E0%B9%83%E0%B8%AA%E0%B9%88%E0%B8%98%E0%B8%99%E0%B8%9A%E0%B8%B1%E0%B8%95%E0%B8%A3-%E0%B9%83%E0%B8%AA%E0%B9%88%E0%B9%80%E0%B8%A3%E0%B8%B5%E0%B8%A2%E0%B8%8D%E0%B9%84%E0%B8%94%E0%B9%89-%E0%B8%81%E0%B8%A3%E0%B8%B0%E0%B9%80%E0%B8%9B%E0%B9%8B%E0%B8%B2%E0%B8%AA%E0%B8%95%E0%B8%B2%E0%B8%87%E0%B8%84%E0%B9%8C%E0%B8%AB%E0%B8%99%E0%B8%B1%E0%B8%87%E0%B9%81%E0%B8%97%E0%B9%89-%E0%B8%A1%E0%B8%B5%E0%B8%81%E0%B8%A5%E0%B8%B4%E0%B9%88%E0%B8%99%E0%B8%AB%E0%B8%AD%E0%B8%A1-%E0%B8%94%E0%B8%A7%E0%B8%87%E0%B8%95%E0%B8%B2%E0%B8%97%E0%B8%B4%E0%B9%80%E0%B8%9A%E0%B8%95-i.35401261.53111345373?extraParams=%7B%22display_model_id%22%3A385986832332%2C%22model_selection_logic%22%3A3%7D","products/53111345373","2026-07-29T04:19:58.482Z"
"28","28182102574","กางเกงลำลองผ้าไหมอิตาลี ลายพญานาค เอวยืดสวมใส่สบาย ใส่ได้ทั้งผู้ชายและผู้หญิง","999","999","","","","","0","0","จำนวน
สินค้าพร้อมส่ง","Shopee > เสื้อผ้าแฟชั่นผู้ชาย > อื่นๆ","สี: ขาวแดง | น้ำตาล | ม่วง | ม่วงเข้ม | ดำ","5","10","กางเกงลำลองผ้าไหมอิตาลี ลายพญานาค เอวยืดสวมใส่สบาย ใส่ได้ทั้งผู้ชายและผู้หญิง ออกแบบโดยโฉพาะของแบรนด์มีมนตร์","https://shopee.co.th/%E0%B8%81%E0%B8%B2%E0%B8%87%E0%B9%80%E0%B8%81%E0%B8%87%E0%B8%A5%E0%B8%B3%E0%B8%A5%E0%B8%AD%E0%B8%87%E0%B8%9C%E0%B9%89%E0%B8%B2%E0%B9%84%E0%B8%AB%E0%B8%A1%E0%B8%AD%E0%B8%B4%E0%B8%95%E0%B8%B2%E0%B8%A5%E0%B8%B5-%E0%B8%A5%E0%B8%B2%E0%B8%A2%E0%B8%9E%E0%B8%8D%E0%B8%B2%E0%B8%99%E0%B8%B2%E0%B8%84-%E0%B9%80%E0%B8%AD%E0%B8%A7%E0%B8%A2%E0%B8%B7%E0%B8%94%E0%B8%AA%E0%B8%A7%E0%B8%A1%E0%B9%83%E0%B8%AA%E0%B9%88%E0%B8%AA%E0%B8%9A%E0%B8%B2%E0%B8%A2-%E0%B9%83%E0%B8%AA%E0%B9%88%E0%B9%84%E0%B8%94%E0%B9%89%E0%B8%97%E0%B8%B1%E0%B9%89%E0%B8%87%E0%B8%9C%E0%B8%B9%E0%B9%89%E0%B8%8A%E0%B8%B2%E0%B8%A2%E0%B9%81%E0%B8%A5%E0%B8%B0%E0%B8%9C%E0%B8%B9%E0%B9%89%E0%B8%AB%E0%B8%8D%E0%B8%B4%E0%B8%87-i.35401261.28182102574?extraParams=%7B%22display_model_id%22%3A253084201758%2C%22model_selection_logic%22%3A3%7D","products/28182102574","2026-07-29T04:20:01.445Z"
"29","55656751210","[ ลิมิเตด ใบกลาง ] NEW 2026มีมนตร์ กระเป๋าสตางค์ ขนาดใบกลาง หนังแท้พรีเมียม ดีไซน์ใหม่คู่สี MEEMON2026","3899","3899","","","","5","1","1","จำนวน
มีสินค้าทั้งหมด 88 ชิ้น","Shopee > กระเป๋า > กระเป๋าสตางค์ > กระเป๋าสตางค์ผู้หญิง","สี: ขาวเขียว | ขาวทอง | เหลืองน้ำตาล | ม่วงดำ | เขียวทอง | แดงทอง | ส้มม่วง | ส้มชมพู | ส้มขาว | ส้มแดง | ส้มทอง | ส้มเขียว | ส้มดำ","13","15","MEEMON NEW 2026 กระเป๋าสตางค์มีมนตร์ หนังแท้พรีเมียม รุ่นขนาดใบกลาง ดีไซน์ใหม่2026 ด้วยดีไซน์คู่สีมงคล พลังงานดี ด้วยดีไซน์ใหม่ รับแรงความเฮงปีม้า 2026 จากกิ่งมีมนตร์ ขนาดสวย กระทัดรัด สะดวกในการพกพา และใช้งาน ฟังก์ชั่น อำนวนความสะดวกการใช้งาน ช่องใส่บัตรและการ์ด 6 ช่อง ช่องอเนก…","https://shopee.co.th/-%E0%B8%A5%E0%B8%B4%E0%B8%A1%E0%B8%B4%E0%B9%80%E0%B8%95%E0%B8%94-%E0%B9%83%E0%B8%9A%E0%B8%81%E0%B8%A5%E0%B8%B2%E0%B8%87-NEW-2026%E0%B8%A1%E0%B8%B5%E0%B8%A1%E0%B8%99%E0%B8%95%E0%B8%A3%E0%B9%8C-%E0%B8%81%E0%B8%A3%E0%B8%B0%E0%B9%80%E0%B8%9B%E0%B9%8B%E0%B8%B2%E0%B8%AA%E0%B8%95%E0%B8%B2%E0%B8%87%E0%B8%84%E0%B9%8C-%E0%B8%82%E0%B8%99%E0%B8%B2%E0%B8%94%E0%B9%83%E0%B8%9A%E0%B8%81%E0%B8%A5%E0%B8%B2%E0%B8%87-%E0%B8%AB%E0%B8%99%E0%B8%B1%E0%B8%87%E0%B9%81%E0%B8%97%E0%B9%89%E0%B8%9E%E0%B8%A3%E0%B8%B5%E0%B9%80%E0%B8%A1%E0%B8%B5%E0%B8%A2%E0%B8%A1-%E0%B8%94%E0%B8%B5%E0%B9%84%E0%B8%8B%E0%B8%99%E0%B9%8C%E0%B9%83%E0%B8%AB%E0%B8%A1%E0%B9%88%E0%B8%84%E0%B8%B9%E0%B9%88%E0%B8%AA%E0%B8%B5-MEEMON2026-i.35401261.55656751210?extraParams=%7B%22display_model_id%22%3A330606320092%2C%22model_selection_logic%22%3A3%7D","products/55656751210","2026-07-29T04:20:04.820Z"
"30","44218303410","ข้อมือปี่เซียะเม็ดประคำแดง ปี่เซียะฮ่องกง ปี่เซียะมีมนตร์ meemon","1599","1599","","","","","0","0","จำนวน
สินค้าพร้อมส่ง","Shopee > เครื่องประดับ > กำไล > อื่นๆ","","0","5","ข้อมือปี่เซียะจากฮ่องกง ทำพิธีที่ฮ่องกง","https://shopee.co.th/%E0%B8%82%E0%B9%89%E0%B8%AD%E0%B8%A1%E0%B8%B7%E0%B8%AD%E0%B8%9B%E0%B8%B5%E0%B9%88%E0%B9%80%E0%B8%8B%E0%B8%B5%E0%B8%A2%E0%B8%B0%E0%B9%80%E0%B8%A1%E0%B9%87%E0%B8%94%E0%B8%9B%E0%B8%A3%E0%B8%B0%E0%B8%84%E0%B8%B3%E0%B9%81%E0%B8%94%E0%B8%87-%E0%B8%9B%E0%B8%B5%E0%B9%88%E0%B9%80%E0%B8%8B%E0%B8%B5%E0%B8%A2%E0%B8%B0%E0%B8%AE%E0%B9%88%E0%B8%AD%E0%B8%87%E0%B8%81%E0%B8%87-%E0%B8%9B%E0%B8%B5%E0%B9%88%E0%B9%80%E0%B8%8B%E0%B8%B5%E0%B8%A2%E0%B8%B0%E0%B8%A1%E0%B8%B5%E0%B8%A1%E0%B8%99%E0%B8%95%E0%B8%A3%E0%B9%8C-meemon-i.35401261.44218303410?extraParams=%7B%22display_model_id%22%3A271504445066%2C%22model_selection_logic%22%3A3%7D","products/44218303410","2026-07-29T04:20:08.173Z"
"31","46307485436","กำไลมงคล กำไลลูกปัดปลา กำไลบัวบูชา กำไลเมืองเหือง พร้อมจุดเทียนมงคล","999","999","","","","","0","0","จำนวน
มีสินค้าทั้งหมด 200 ชิ้น","Shopee > เครื่องประดับ > กำไล > กำไลหิน","กำไล: กำไลบัวบูชา | กำไลลูกปัดปลามงคล","2","5","กำไลมงคล เมืองเหือง ผ่านพิธี พร้อมเทียนมงคล มี 2 แบบ ผ่านการอธิฐาน ที่วัดป่าเมืองเหือง จ.บึงกาฬ 1.กำไลบัวบูชา นะเมตตา ความสุข ความสมหวัง ความรัก อธิฐาน 2.กำไลลูกปัดปลามงคล โชค การเงิน ค้าขาย ธุรกิจ ในซองกำไล จะมีเทียนถ้วย ผ่านพิธี เลือกได้นะคะ ว่าจะนำไปจุดเอง หรือให้คุณกิ่งจุดให…","https://shopee.co.th/%E0%B8%81%E0%B8%B3%E0%B9%84%E0%B8%A5%E0%B8%A1%E0%B8%87%E0%B8%84%E0%B8%A5-%E0%B8%81%E0%B8%B3%E0%B9%84%E0%B8%A5%E0%B8%A5%E0%B8%B9%E0%B8%81%E0%B8%9B%E0%B8%B1%E0%B8%94%E0%B8%9B%E0%B8%A5%E0%B8%B2-%E0%B8%81%E0%B8%B3%E0%B9%84%E0%B8%A5%E0%B8%9A%E0%B8%B1%E0%B8%A7%E0%B8%9A%E0%B8%B9%E0%B8%8A%E0%B8%B2-%E0%B8%81%E0%B8%B3%E0%B9%84%E0%B8%A5%E0%B9%80%E0%B8%A1%E0%B8%B7%E0%B8%AD%E0%B8%87%E0%B9%80%E0%B8%AB%E0%B8%B7%E0%B8%AD%E0%B8%87-%E0%B8%9E%E0%B8%A3%E0%B9%89%E0%B8%AD%E0%B8%A1%E0%B8%88%E0%B8%B8%E0%B8%94%E0%B9%80%E0%B8%97%E0%B8%B5%E0%B8%A2%E0%B8%99%E0%B8%A1%E0%B8%87%E0%B8%84%E0%B8%A5-i.35401261.46307485436?extraParams=%7B%22display_model_id%22%3A118781723990%2C%22model_selection_logic%22%3A3%7D","products/46307485436","2026-07-29T04:20:15.484Z"
"32","52110625256","[ NEW ] มีมนตร์ กำไลมงคลจีน Meemon รุ่น 2","990","990","","","","5","1","1","จำนวน
สินค้าพร้อมส่ง","Shopee > เครื่องประดับ > กำไล > อื่นๆ","สี: 1.เรียกเงิน | 2.ดึงโชค | 3.เปิดประตูการเงิน | 4.ป้องกันพลังงานลบ | 5.เมตตามหานิยม | 6.เงินต่อเงิน","6","7","มีมนตร์ กำไลมงคลศาสตร์จีน กำไลมีมนตร์ Meemon มีให้เลือกตามความต้องการ เลือกจากความหมายที่ต้องการเสริมค่ะ ผ่านพิธี โดยคุณกิ่งมีมนตร์","https://shopee.co.th/-NEW-%E0%B8%A1%E0%B8%B5%E0%B8%A1%E0%B8%99%E0%B8%95%E0%B8%A3%E0%B9%8C-%E0%B8%81%E0%B8%B3%E0%B9%84%E0%B8%A5%E0%B8%A1%E0%B8%87%E0%B8%84%E0%B8%A5%E0%B8%88%E0%B8%B5%E0%B8%99-Meemon-%E0%B8%A3%E0%B8%B8%E0%B9%88%E0%B8%99-2-i.35401261.52110625256?extraParams=%7B%22display_model_id%22%3A287622345733%2C%22model_selection_logic%22%3A3%7D","products/52110625256","2026-07-29T04:20:18.356Z"
"33","22090397576","ลิปมีมนตร์meemon ลิปสายมูเสริมความมงคล ลิปออยล์เปลี่ยนสีตามอุณหภูมิ","299","299","","","","5","6","10","จำนวน
สินค้าพร้อมส่ง","Shopee > ความงามและของใช้ส่วนตัว > ลิป > ลิปสติก","","0","4","ลิปมีมนตร์meemon ลิปสายมูเสริมความมงคล ลิปออยล์เปลี่ยนสีตามอุณหภูมิ","https://shopee.co.th/%E0%B8%A5%E0%B8%B4%E0%B8%9B%E0%B8%A1%E0%B8%B5%E0%B8%A1%E0%B8%99%E0%B8%95%E0%B8%A3%E0%B9%8Cmeemon-%E0%B8%A5%E0%B8%B4%E0%B8%9B%E0%B8%AA%E0%B8%B2%E0%B8%A2%E0%B8%A1%E0%B8%B9%E0%B9%80%E0%B8%AA%E0%B8%A3%E0%B8%B4%E0%B8%A1%E0%B8%84%E0%B8%A7%E0%B8%B2%E0%B8%A1%E0%B8%A1%E0%B8%87%E0%B8%84%E0%B8%A5-%E0%B8%A5%E0%B8%B4%E0%B8%9B%E0%B8%AD%E0%B8%AD%E0%B8%A2%E0%B8%A5%E0%B9%8C%E0%B9%80%E0%B8%9B%E0%B8%A5%E0%B8%B5%E0%B9%88%E0%B8%A2%E0%B8%99%E0%B8%AA%E0%B8%B5%E0%B8%95%E0%B8%B2%E0%B8%A1%E0%B8%AD%E0%B8%B8%E0%B8%93%E0%B8%AB%E0%B8%A0%E0%B8%B9%E0%B8%A1%E0%B8%B4-i.35401261.22090397576?extraParams=%7B%22display_model_id%22%3A197822510313%2C%22model_selection_logic%22%3A3%7D","products/22090397576","2026-07-29T04:20:21.357Z"
"34","24954167734","การ์ดพร้อมสติ๊กเกอร์รับฟรีวอลเปเปอร์สุดปัง#สี่ห้าตา#พญานาคแถมธูปตัวเลขทุกออเดอร์","200","350","","","","5","1","2","จำนวน
สินค้าพร้อมส่ง","Shopee > เครื่องเขียน หนังสือ และงานอดิเรก > อุปกรณ์ DIY และงานปาร์ตี้ > อุปกรณ์งานฝีมือ","สี: พญานาค | สี่หูห้าตา | พญานาค+สี่หูห้าตา","3","8","การ์ดพร้อมสติ๊กเกอร์รับฟรีวอลเปเปอร์สุดปัง#สี่ห้าตา#พญานาค 1 เซทประกอบด้วย การ์ดแข็งพกติดกระเป๋า สติกเกอร์ติดกระจก มือถือ พร้อมรับวอลเปเปอร์พักหน้าจอมือถือ","https://shopee.co.th/%E0%B8%81%E0%B8%B2%E0%B8%A3%E0%B9%8C%E0%B8%94%E0%B8%9E%E0%B8%A3%E0%B9%89%E0%B8%AD%E0%B8%A1%E0%B8%AA%E0%B8%95%E0%B8%B4%E0%B9%8A%E0%B8%81%E0%B9%80%E0%B8%81%E0%B8%AD%E0%B8%A3%E0%B9%8C%E0%B8%A3%E0%B8%B1%E0%B8%9A%E0%B8%9F%E0%B8%A3%E0%B8%B5%E0%B8%A7%E0%B8%AD%E0%B8%A5%E0%B9%80%E0%B8%9B%E0%B9%80%E0%B8%9B%E0%B8%AD%E0%B8%A3%E0%B9%8C%E0%B8%AA%E0%B8%B8%E0%B8%94%E0%B8%9B%E0%B8%B1%E0%B8%87-%E0%B8%AA%E0%B8%B5%E0%B9%88%E0%B8%AB%E0%B9%89%E0%B8%B2%E0%B8%95%E0%B8%B2-%E0%B8%9E%E0%B8%8D%E0%B8%B2%E0%B8%99%E0%B8%B2%E0%B8%84%E0%B9%81%E0%B8%96%E0%B8%A1%E0%B8%98%E0%B8%B9%E0%B8%9B%E0%B8%95%E0%B8%B1%E0%B8%A7%E0%B9%80%E0%B8%A5%E0%B8%82%E0%B8%97%E0%B8%B8%E0%B8%81%E0%B8%AD%E0%B8%AD%E0%B9%80%E0%B8%94%E0%B8%AD%E0%B8%A3%E0%B9%8C-i.35401261.24954167734?extraParams=%7B%22display_model_id%22%3A235923231471%2C%22model_selection_logic%22%3A3%7D","products/24954167734","2026-07-29T04:20:24.558Z"
"35","51406741003","มีมนตร์ เจน คลาส กระเป๋าสตางค์พับสั้น หนังแท้พรีเมียม MEEMON Gen Class 2026","3399","3399","","","","","0","1","จำนวน
สินค้าพร้อมส่ง","Shopee > กระเป๋า > กระเป๋าสตางค์ > กระเป๋าสตางค์ผู้ชาย","สี: ดำ | น้ำตาลนาคา | แดง | ส้ม | เหลือง | เขียว | ม่วง | ขาวครีม | น้ำเงินเข้ม","9","10","[ NEW 2026 ] มีมนตร์ กระเป๋าสตางค์พับสั้น หนังแท้พรีเมียม MEEMON Gen Class ดีไซน์และวัสดุ Meemon Gen Class 2026 ทำจากหนังแท้พรีเมียม ดีไซน์เรียบง่าย ตอบโจทย์ทุกไลฟ์สไตล์ในยุคปัจจุบัน วัสดุหนังแท้พรีเมียม มีกลิ่นหอมเฉพาะตัว ฟีเจอร์พิเศษ ประดับสัญลักษณ์ดวงตาสามเหลี่ยมบนยอดพีระมิด …","https://shopee.co.th/%E0%B8%A1%E0%B8%B5%E0%B8%A1%E0%B8%99%E0%B8%95%E0%B8%A3%E0%B9%8C-%E0%B9%80%E0%B8%88%E0%B8%99-%E0%B8%84%E0%B8%A5%E0%B8%B2%E0%B8%AA-%E0%B8%81%E0%B8%A3%E0%B8%B0%E0%B9%80%E0%B8%9B%E0%B9%8B%E0%B8%B2%E0%B8%AA%E0%B8%95%E0%B8%B2%E0%B8%87%E0%B8%84%E0%B9%8C%E0%B8%9E%E0%B8%B1%E0%B8%9A%E0%B8%AA%E0%B8%B1%E0%B9%89%E0%B8%99-%E0%B8%AB%E0%B8%99%E0%B8%B1%E0%B8%87%E0%B9%81%E0%B8%97%E0%B9%89%E0%B8%9E%E0%B8%A3%E0%B8%B5%E0%B9%80%E0%B8%A1%E0%B8%B5%E0%B8%A2%E0%B8%A1-MEEMON-Gen-Class-2026-i.35401261.51406741003?extraParams=%7B%22display_model_id%22%3A297433778948%2C%22model_selection_logic%22%3A3%7D","products/51406741003","2026-07-29T04:20:27.584Z"
"36","23384146070","ผ้ายันต์ ราหูค้นทรัพย์ ผ่านพิธีใหญ่ #ราหู #พระราหู","150","199","","","","","0","0","จำนวน
สินค้าพร้อมส่ง","Shopee > เครื่องใช้ในบ้าน > อุปกรณ์ตกแต่งบ้าน > ธูป เทียน พระพุทธรูป และของเกี่ยวกับศาสนา","สี: ดำ | ขาว","2","7","ผ้ายันต์ราหูค้นทรัพย์ ทำพิธีที่วันป่าเมืองเหือง ใช้พกติดกระเป๋าเพื่อความเป็นมงคล","https://shopee.co.th/%E0%B8%9C%E0%B9%89%E0%B8%B2%E0%B8%A2%E0%B8%B1%E0%B8%99%E0%B8%95%E0%B9%8C-%E0%B8%A3%E0%B8%B2%E0%B8%AB%E0%B8%B9%E0%B8%84%E0%B9%89%E0%B8%99%E0%B8%97%E0%B8%A3%E0%B8%B1%E0%B8%9E%E0%B8%A2%E0%B9%8C-%E0%B8%9C%E0%B9%88%E0%B8%B2%E0%B8%99%E0%B8%9E%E0%B8%B4%E0%B8%98%E0%B8%B5%E0%B9%83%E0%B8%AB%E0%B8%8D%E0%B9%88-%E0%B8%A3%E0%B8%B2%E0%B8%AB%E0%B8%B9-%E0%B8%9E%E0%B8%A3%E0%B8%B0%E0%B8%A3%E0%B8%B2%E0%B8%AB%E0%B8%B9-i.35401261.23384146070?extraParams=%7B%22display_model_id%22%3A232153918844%2C%22model_selection_logic%22%3A3%7D","products/23384146070","2026-07-29T04:21:43.957Z"
"37","41529379319","มีมนตร์ กระเป๋าสตางค์ซิปแอลใบยาว หนังแท้พรีเมียม MEEMON Wealthy Long.","3899","3899","","","","","0","0","จำนวน
สินค้าพร้อมส่ง","Shopee > กระเป๋า > กระเป๋าสตางค์ > กระเป๋าสตางค์ผู้หญิง","สี: เหลือง | น้ำเงิน | ดำ | แดง | ส้ม | ขาวครีม | น้ำตาล | ม่วงเข้ม","8","9","🌟 กระเป๋าสตางค์ MEEMON Wealthy Long 🌟 รายละเอียดสินค้า: ใหม่ 2026: กระเป๋าสตางค์ซิปแอล ใบยาว หนังแท้พรีเมียม MEEMON Wealthy Long. ดีไซน์: ซิปรอบแบบตัวแอล ดีไซน์ร่วมสมัย ตอบโจทย์ทุกไลฟ์สไตล์. วัสดุและคุณภาพ: วัสดุ: หนังแท้พรีเมียม ออกแบบตัดเย็บด้วยช่างฝีมือ. กลิ่นหอม: กระเป๋ามี…","https://shopee.co.th/%E0%B8%A1%E0%B8%B5%E0%B8%A1%E0%B8%99%E0%B8%95%E0%B8%A3%E0%B9%8C-%E0%B8%81%E0%B8%A3%E0%B8%B0%E0%B9%80%E0%B8%9B%E0%B9%8B%E0%B8%B2%E0%B8%AA%E0%B8%95%E0%B8%B2%E0%B8%87%E0%B8%84%E0%B9%8C%E0%B8%8B%E0%B8%B4%E0%B8%9B%E0%B9%81%E0%B8%AD%E0%B8%A5%E0%B9%83%E0%B8%9A%E0%B8%A2%E0%B8%B2%E0%B8%A7-%E0%B8%AB%E0%B8%99%E0%B8%B1%E0%B8%87%E0%B9%81%E0%B8%97%E0%B9%89%E0%B8%9E%E0%B8%A3%E0%B8%B5%E0%B9%80%E0%B8%A1%E0%B8%B5%E0%B8%A2%E0%B8%A1-MEEMON-Wealthy-Long.-i.35401261.41529379319?extraParams=%7B%22display_model_id%22%3A330663834254%2C%22model_selection_logic%22%3A3%7D","products/41529379319","2026-07-29T04:20:39.423Z"
"38","24603749376","#สี่หูห้าตา กำไลสี่หูห้าตาร้อยด้วยลูกปัดดินเสกคู่สีมงคลเชือกหนังแท้ผ่านพิธีจากวัดป่าเมืองเหือง","599","599","","","","5","2","3","จำนวน
มีสินค้าทั้งหมด 47 ชิ้น","Shopee > เครื่องประดับ > กำไล > กำไลหิน","","0","5","#สี่หูห้าตา กำไลสี่หูห้าตาร้อยด้วยลูกปัดดินเสกคู่สีมงคลเชือกหนังแท้ผ่านพิธีจากวัดป่าเมืองเหือง สายหนังกลับฟอกสี เลื่อนปรับขนาดได้ตามข้อมือ ลูกปัดดินเผาปลุกเสก ร้อยเป็นคู่สีมงคล เพื่อให้ผู้สวมใส่โชคดี","https://shopee.co.th/-%E0%B8%AA%E0%B8%B5%E0%B9%88%E0%B8%AB%E0%B8%B9%E0%B8%AB%E0%B9%89%E0%B8%B2%E0%B8%95%E0%B8%B2-%E0%B8%81%E0%B8%B3%E0%B9%84%E0%B8%A5%E0%B8%AA%E0%B8%B5%E0%B9%88%E0%B8%AB%E0%B8%B9%E0%B8%AB%E0%B9%89%E0%B8%B2%E0%B8%95%E0%B8%B2%E0%B8%A3%E0%B9%89%E0%B8%AD%E0%B8%A2%E0%B8%94%E0%B9%89%E0%B8%A7%E0%B8%A2%E0%B8%A5%E0%B8%B9%E0%B8%81%E0%B8%9B%E0%B8%B1%E0%B8%94%E0%B8%94%E0%B8%B4%E0%B8%99%E0%B9%80%E0%B8%AA%E0%B8%81%E0%B8%84%E0%B8%B9%E0%B9%88%E0%B8%AA%E0%B8%B5%E0%B8%A1%E0%B8%87%E0%B8%84%E0%B8%A5%E0%B9%80%E0%B8%8A%E0%B8%B7%E0%B8%AD%E0%B8%81%E0%B8%AB%E0%B8%99%E0%B8%B1%E0%B8%87%E0%B9%81%E0%B8%97%E0%B9%89%E0%B8%9C%E0%B9%88%E0%B8%B2%E0%B8%99%E0%B8%9E%E0%B8%B4%E0%B8%98%E0%B8%B5%E0%B8%88%E0%B8%B2%E0%B8%81%E0%B8%A7%E0%B8%B1%E0%B8%94%E0%B8%9B%E0%B9%88%E0%B8%B2%E0%B9%80%E0%B8%A1%E0%B8%B7%E0%B8%AD%E0%B8%87%E0%B9%80%E0%B8%AB%E0%B8%B7%E0%B8%AD%E0%B8%87-i.35401261.24603749376?extraParams=%7B%22display_model_id%22%3A176269814831%2C%22model_selection_logic%22%3A3%7D","products/24603749376","2026-07-29T04:20:42.480Z"
"39","28572584502","กระเป๋าสตางค์ ใส่เหรียญ วัสดุทำจากไม้ มีสัญลักษณ์ดวงตาแห่งความโชคดี","999","999","","","","","0","1","จำนวน
สินค้าพร้อมส่ง","Shopee > กระเป๋า > กระเป๋าสตางค์ > กระเป๋าสตางค์ผู้หญิง","สี: สีไม้ธรรมชาติ | คละลวดลาย","2","5","กระเป๋าสตางค์ ใส่เหรียญ วัสดุทำจากไม้ มีสัญลักษณ์ดวงตาแห่งความโชคดี มีกลิ่นหม","https://shopee.co.th/%E0%B8%81%E0%B8%A3%E0%B8%B0%E0%B9%80%E0%B8%9B%E0%B9%8B%E0%B8%B2%E0%B8%AA%E0%B8%95%E0%B8%B2%E0%B8%87%E0%B8%84%E0%B9%8C-%E0%B9%83%E0%B8%AA%E0%B9%88%E0%B9%80%E0%B8%AB%E0%B8%A3%E0%B8%B5%E0%B8%A2%E0%B8%8D-%E0%B8%A7%E0%B8%B1%E0%B8%AA%E0%B8%94%E0%B8%B8%E0%B8%97%E0%B8%B3%E0%B8%88%E0%B8%B2%E0%B8%81%E0%B9%84%E0%B8%A1%E0%B9%89-%E0%B8%A1%E0%B8%B5%E0%B8%AA%E0%B8%B1%E0%B8%8D%E0%B8%A5%E0%B8%B1%E0%B8%81%E0%B8%A9%E0%B8%93%E0%B9%8C%E0%B8%94%E0%B8%A7%E0%B8%87%E0%B8%95%E0%B8%B2%E0%B9%81%E0%B8%AB%E0%B9%88%E0%B8%87%E0%B8%84%E0%B8%A7%E0%B8%B2%E0%B8%A1%E0%B9%82%E0%B8%8A%E0%B8%84%E0%B8%94%E0%B8%B5-i.35401261.28572584502?extraParams=%7B%22display_model_id%22%3A108558371998%2C%22model_selection_logic%22%3A3%7D","products/28572584502","2026-07-29T04:20:45.827Z"
"40","28612802434","ขาตั้งมือถือใส่การ์ดได้ การ์ดโฮลเดอร์ การ์ดแม่เหล็ก ขาตั้งมือถือใส่การ์ดได้มีมนตร์ มีกลิ่นหอมมีสัญลักษณ์ดวงตา","1999","1999","","","","5","1","1","จำนวน
สินค้าพร้อมส่ง","Shopee > อุปกรณ์อิเล็กทรอนิกส์ > อุปกรณ์เสริมมือถือ > อุปกรณ์เซลฟี่","สี: ฟ้า | ชมพู | น้ำตาล; ติดดวงตา: ไม่ต้องการติดดวงตา | ติดดวงตาสีทอง","5","8","ขาตั้งมือถือใส่การ์ดได้ การ์ดโฮลเดอร์ การ์ดแม่เหล็ก ขาตั้งมือถือใส่การ์ดได้มีมนตร์ มีกลิ่นหอมมีสัญลักษณ์ดวงตา","https://shopee.co.th/%E0%B8%82%E0%B8%B2%E0%B8%95%E0%B8%B1%E0%B9%89%E0%B8%87%E0%B8%A1%E0%B8%B7%E0%B8%AD%E0%B8%96%E0%B8%B7%E0%B8%AD%E0%B9%83%E0%B8%AA%E0%B9%88%E0%B8%81%E0%B8%B2%E0%B8%A3%E0%B9%8C%E0%B8%94%E0%B9%84%E0%B8%94%E0%B9%89-%E0%B8%81%E0%B8%B2%E0%B8%A3%E0%B9%8C%E0%B8%94%E0%B9%82%E0%B8%AE%E0%B8%A5%E0%B9%80%E0%B8%94%E0%B8%AD%E0%B8%A3%E0%B9%8C-%E0%B8%81%E0%B8%B2%E0%B8%A3%E0%B9%8C%E0%B8%94%E0%B9%81%E0%B8%A1%E0%B9%88%E0%B9%80%E0%B8%AB%E0%B8%A5%E0%B9%87%E0%B8%81-%E0%B8%82%E0%B8%B2%E0%B8%95%E0%B8%B1%E0%B9%89%E0%B8%87%E0%B8%A1%E0%B8%B7%E0%B8%AD%E0%B8%96%E0%B8%B7%E0%B8%AD%E0%B9%83%E0%B8%AA%E0%B9%88%E0%B8%81%E0%B8%B2%E0%B8%A3%E0%B9%8C%E0%B8%94%E0%B9%84%E0%B8%94%E0%B9%89%E0%B8%A1%E0%B8%B5%E0%B8%A1%E0%B8%99%E0%B8%95%E0%B8%A3%E0%B9%8C-%E0%B8%A1%E0%B8%B5%E0%B8%81%E0%B8%A5%E0%B8%B4%E0%B9%88%E0%B8%99%E0%B8%AB%E0%B8%AD%E0%B8%A1%E0%B8%A1%E0%B8%B5%E0%B8%AA%E0%B8%B1%E0%B8%8D%E0%B8%A5%E0%B8%B1%E0%B8%81%E0%B8%A9%E0%B8%93%E0%B9%8C%E0%B8%94%E0%B8%A7%E0%B8%87%E0%B8%95%E0%B8%B2-i.35401261.28612802434?extraParams=%7B%22display_model_id%22%3A108468779075%2C%22model_selection_logic%22%3A3%7D","products/28612802434","2026-07-29T04:20:49.624Z"
"41","21471509838","หวัไม้หอมแกะสลัก รูปมังกร แก้ชง","799","799","","","","","0","1","จำนวน
สินค้าพร้อมส่ง","Shopee > เครื่องใช้ในบ้าน > อุปกรณ์ตกแต่งบ้าน > ธูป เทียน พระพุทธรูป และของเกี่ยวกับศาสนา","","0","5","ไม้หอมฮิโนกิ(Hinoki) ไม้ฮิโนกิ (Hinoki) มีชื่อเรียกว่า Japanese Cypress เป็นไม้สนไซเปรสสายพันธุ์ญี่ปุ่น มีถิ่นกำเนิดในแถบตอนกลางของประเทศ เป็นที่รู้จักกันดีในฐานะไม้ลักษณะพิเศษที่มีทั้งความสวยงามจากเนื้อไม้และกลิ่นหอมละมุนในเนื้อไม้ ขึ้นชื่อในความแข็งแรง ทนทานต่อการขูดขีด เนื้อไ…","https://shopee.co.th/%E0%B8%AB%E0%B8%A7%E0%B8%B1%E0%B9%84%E0%B8%A1%E0%B9%89%E0%B8%AB%E0%B8%AD%E0%B8%A1%E0%B9%81%E0%B8%81%E0%B8%B0%E0%B8%AA%E0%B8%A5%E0%B8%B1%E0%B8%81-%E0%B8%A3%E0%B8%B9%E0%B8%9B%E0%B8%A1%E0%B8%B1%E0%B8%87%E0%B8%81%E0%B8%A3-%E0%B9%81%E0%B8%81%E0%B9%89%E0%B8%8A%E0%B8%87-i.35401261.21471509838?extraParams=%7B%22display_model_id%22%3A203738059257%2C%22model_selection_logic%22%3A3%7D","products/21471509838","2026-07-29T04:21:49.145Z"
"42","45306768271","[Limited2026] มีมนตร์ กระเป๋าสตางค์กึ่งสะพาย NEW2026 หนังแท้พรีเมียม ลิมิเตดคู่สีมงคล กิ่งมีมนตร์","4599","4599","","","","","0","0","จำนวน
สินค้าพร้อมส่ง","Shopee > กระเป๋า > กระเป๋าสตางค์ > กระเป๋าสตางค์ผู้หญิง","สี: ขาวเขียว | ขาวทอง | เขียวทอง | ม่วงดำ | แดงทอง | เหลืองน้ำตาล | ส้มชมพู | ส้มขาว | ส้มดำ | ส้มม่วง | ส้มเขียว | ส้มทอง | ส้มแดง","13","15","MEEMON Limited New 2026 กระเป๋าสตางค์กึ่งสะพาย มีมนตร์ : รุ่นลิมิเต็ดสายสอด New 2026 ครบทุกฟังก์ชั่น: มีช่องซ่อนเงิน, ใส่บัตร, ใส่ธนบัตร, ใส่เหรียญ ครบ! คุณสมบัติพิเศษ หนังแท้พรีเมียม: ดีไซน์ใหม่ เรียบหรู ตอบโจทย์การใช้งาน ระบบแค่แตะ: โลกก็เปิด คู่สีมงคล: เลือกได้ตามต้องการ มีกล…","https://shopee.co.th/-Limited2026-%E0%B8%A1%E0%B8%B5%E0%B8%A1%E0%B8%99%E0%B8%95%E0%B8%A3%E0%B9%8C-%E0%B8%81%E0%B8%A3%E0%B8%B0%E0%B9%80%E0%B8%9B%E0%B9%8B%E0%B8%B2%E0%B8%AA%E0%B8%95%E0%B8%B2%E0%B8%87%E0%B8%84%E0%B9%8C%E0%B8%81%E0%B8%B6%E0%B9%88%E0%B8%87%E0%B8%AA%E0%B8%B0%E0%B8%9E%E0%B8%B2%E0%B8%A2-NEW2026-%E0%B8%AB%E0%B8%99%E0%B8%B1%E0%B8%87%E0%B9%81%E0%B8%97%E0%B9%89%E0%B8%9E%E0%B8%A3%E0%B8%B5%E0%B9%80%E0%B8%A1%E0%B8%B5%E0%B8%A2%E0%B8%A1-%E0%B8%A5%E0%B8%B4%E0%B8%A1%E0%B8%B4%E0%B9%80%E0%B8%95%E0%B8%94%E0%B8%84%E0%B8%B9%E0%B9%88%E0%B8%AA%E0%B8%B5%E0%B8%A1%E0%B8%87%E0%B8%84%E0%B8%A5-%E0%B8%81%E0%B8%B4%E0%B9%88%E0%B8%87%E0%B8%A1%E0%B8%B5%E0%B8%A1%E0%B8%99%E0%B8%95%E0%B8%A3%E0%B9%8C-i.35401261.45306768271?extraParams=%7B%22display_model_id%22%3A425606331498%2C%22model_selection_logic%22%3A3%7D","products/45306768271","2026-07-29T04:20:58.711Z"
"43","50355234708","[ใหม่] MEEMON มีมนตร์ กระเป๋าสะพายขนาดใหญ่ พร้อมกระเป๋าคลัซในตัว หนังวีแกนดีไซน์ใหม่2026","4999","4999","","","","","0","0","จำนวน
สินค้าพร้อมส่ง","Shopee > กระเป๋า > กระเป๋าสะพายข้าง > กระเป๋าสะพายข้างผู้หญิง","สี: แดง | ขาวครีม | ดำ | น้ำตาล | คอฟฟี่","5","7","🎀 ใหม่ล่าสุดจาก MEEMON 🎀 หนังวีแกนพรีเมียม ✨ [ใหม่] MEEMON มีมนตร์ ✨ กระเป๋าสะพายขนาดใหญ่ ที่มาพร้อมกับกระเป๋าคลัซในตัว ดีไซน์ใหม่ล่าสุด 2026 ให้คุณมั่นใจในทุกการใช้งาน ดีไซน์ที่ทันสมัย ตอบโจทย์ทุกสไตล์ของคุณ 🎀 คุณสมบัติเด่น 🎀 ขนาดใหญ่: ให้พื้นที่เพียงพอสำหรับของใช้จำเป็น กร…","https://shopee.co.th/-%E0%B9%83%E0%B8%AB%E0%B8%A1%E0%B9%88-MEEMON-%E0%B8%A1%E0%B8%B5%E0%B8%A1%E0%B8%99%E0%B8%95%E0%B8%A3%E0%B9%8C-%E0%B8%81%E0%B8%A3%E0%B8%B0%E0%B9%80%E0%B8%9B%E0%B9%8B%E0%B8%B2%E0%B8%AA%E0%B8%B0%E0%B8%9E%E0%B8%B2%E0%B8%A2%E0%B8%82%E0%B8%99%E0%B8%B2%E0%B8%94%E0%B9%83%E0%B8%AB%E0%B8%8D%E0%B9%88-%E0%B8%9E%E0%B8%A3%E0%B9%89%E0%B8%AD%E0%B8%A1%E0%B8%81%E0%B8%A3%E0%B8%B0%E0%B9%80%E0%B8%9B%E0%B9%8B%E0%B8%B2%E0%B8%84%E0%B8%A5%E0%B8%B1%E0%B8%8B%E0%B9%83%E0%B8%99%E0%B8%95%E0%B8%B1%E0%B8%A7-%E0%B8%AB%E0%B8%99%E0%B8%B1%E0%B8%87%E0%B8%A7%E0%B8%B5%E0%B9%81%E0%B8%81%E0%B8%99%E0%B8%94%E0%B8%B5%E0%B9%84%E0%B8%8B%E0%B8%99%E0%B9%8C%E0%B9%83%E0%B8%AB%E0%B8%A1%E0%B9%882026-i.35401261.50355234708?extraParams=%7B%22display_model_id%22%3A325479310392%2C%22model_selection_logic%22%3A3%7D","products/50355234708","2026-07-29T04:21:03.938Z"
"44","56405243616","[ ใหม่2026 ] มีมนตร์ กระเป๋าสะพายคาด-อก ทรงอานม้า หนังแท้พรีเมียม ดีไซน์ใหม่ ปั้มสัญลักษณ์ดวงตาสีทอง","4299","4299","","","","","0","0","จำนวน
มีสินค้าทั้งหมด 70 ชิ้น","Shopee > กระเป๋า > กระเป๋าสะพายข้าง > กระเป๋าสะพายข้างผู้หญิง","สี: ดำ | แดง | ส้ม | เหลือง | เขียว | ม่วง | เทา | น้ำตาล","8","11","🌟 ใหม่ 2026 🌟 กระเป๋าสะพายคาด-อก: ดีไซน์ใหม่ 2026 ทรงอานม้า มีมนตร์ กระเป๋าสะพายคาด-อก หนังแท้พรีเมียม ทรงอานม้า จุได้เยอะ ดีไซน์ใหม่ ปั้มสัญลักษณ์ดวงตาสีทอง รายละเอียดสินค้า หนังแท้ พรีเมียม เฉพาะ ดีไซน์ใหม่ 2026 รูปทรงสวย ใช้งานสะดวก จุได้เยอะ ช่องกว้าง ใส่กระเป๋าสตางค์ใบยาว…","https://shopee.co.th/-%E0%B9%83%E0%B8%AB%E0%B8%A1%E0%B9%882026-%E0%B8%A1%E0%B8%B5%E0%B8%A1%E0%B8%99%E0%B8%95%E0%B8%A3%E0%B9%8C-%E0%B8%81%E0%B8%A3%E0%B8%B0%E0%B9%80%E0%B8%9B%E0%B9%8B%E0%B8%B2%E0%B8%AA%E0%B8%B0%E0%B8%9E%E0%B8%B2%E0%B8%A2%E0%B8%84%E0%B8%B2%E0%B8%94-%E0%B8%AD%E0%B8%81-%E0%B8%97%E0%B8%A3%E0%B8%87%E0%B8%AD%E0%B8%B2%E0%B8%99%E0%B8%A1%E0%B9%89%E0%B8%B2-%E0%B8%AB%E0%B8%99%E0%B8%B1%E0%B8%87%E0%B9%81%E0%B8%97%E0%B9%89%E0%B8%9E%E0%B8%A3%E0%B8%B5%E0%B9%80%E0%B8%A1%E0%B8%B5%E0%B8%A2%E0%B8%A1-%E0%B8%94%E0%B8%B5%E0%B9%84%E0%B8%8B%E0%B8%99%E0%B9%8C%E0%B9%83%E0%B8%AB%E0%B8%A1%E0%B9%88-%E0%B8%9B%E0%B8%B1%E0%B9%89%E0%B8%A1%E0%B8%AA%E0%B8%B1%E0%B8%8D%E0%B8%A5%E0%B8%B1%E0%B8%81%E0%B8%A9%E0%B8%93%E0%B9%8C%E0%B8%94%E0%B8%A7%E0%B8%87%E0%B8%95%E0%B8%B2%E0%B8%AA%E0%B8%B5%E0%B8%97%E0%B8%AD%E0%B8%87-i.35401261.56405243616?extraParams=%7B%22display_model_id%22%3A385479192611%2C%22model_selection_logic%22%3A3%7D","products/56405243616","2026-07-29T04:21:08.763Z"
"45","40550695624","กระเป๋าผ้าร่ม hobfang meemon กระเป๋าผ้าร่มเบาหวิวมาพร้อมนวัตกรรมใหม่ล่าสุดแตะปุ๊ปเปิดพลังงาน กระเป๋ามีน้ำหนักเพียง 1ขีด","3599","3599","","","","4","4","4","จำนวน
มีสินค้าทั้งหมด 4 ชิ้น","Shopee > กระเป๋า > กระเป๋าสะพายข้าง > กระเป๋าสะพายข้างผู้หญิง","สี: ขาว | ดำ","2","6","HOBFANG – FeatherLite กระเป๋าสะพายที่ออกแบบมาเพื่อผู้หญิงยุคใหม่ที่ใส่ใจสุขภาพ รักสไตล์ และเชื่อในพลังงานดี เบาที่สุดในชีวิตคุณ: น้ำหนักไม่ถึง 100 กรัม (แค่ 1 ขีด!) จุของได้เหลือเชื่อ: ใหญ่พอใส่ของทั้งวัน แต่ไม่รู้สึกแบก บุฟองนุ่มพิเศษ: ไม่เจ็บไหล่ ไม่บาดหลัง ไม่เสียบุคลิก ผ้าร่…","https://shopee.co.th/%E0%B8%81%E0%B8%A3%E0%B8%B0%E0%B9%80%E0%B8%9B%E0%B9%8B%E0%B8%B2%E0%B8%9C%E0%B9%89%E0%B8%B2%E0%B8%A3%E0%B9%88%E0%B8%A1-hobfang-meemon-%E0%B8%81%E0%B8%A3%E0%B8%B0%E0%B9%80%E0%B8%9B%E0%B9%8B%E0%B8%B2%E0%B8%9C%E0%B9%89%E0%B8%B2%E0%B8%A3%E0%B9%88%E0%B8%A1%E0%B9%80%E0%B8%9A%E0%B8%B2%E0%B8%AB%E0%B8%A7%E0%B8%B4%E0%B8%A7%E0%B8%A1%E0%B8%B2%E0%B8%9E%E0%B8%A3%E0%B9%89%E0%B8%AD%E0%B8%A1%E0%B8%99%E0%B8%A7%E0%B8%B1%E0%B8%95%E0%B8%81%E0%B8%A3%E0%B8%A3%E0%B8%A1%E0%B9%83%E0%B8%AB%E0%B8%A1%E0%B9%88%E0%B8%A5%E0%B9%88%E0%B8%B2%E0%B8%AA%E0%B8%B8%E0%B8%94%E0%B9%81%E0%B8%95%E0%B8%B0%E0%B8%9B%E0%B8%B8%E0%B9%8A%E0%B8%9B%E0%B9%80%E0%B8%9B%E0%B8%B4%E0%B8%94%E0%B8%9E%E0%B8%A5%E0%B8%B1%E0%B8%87%E0%B8%87%E0%B8%B2%E0%B8%99-%E0%B8%81%E0%B8%A3%E0%B8%B0%E0%B9%80%E0%B8%9B%E0%B9%8B%E0%B8%B2%E0%B8%A1%E0%B8%B5%E0%B8%99%E0%B9%89%E0%B8%B3%E0%B8%AB%E0%B8%99%E0%B8%B1%E0%B8%81%E0%B9%80%E0%B8%9E%E0%B8%B5%E0%B8%A2%E0%B8%87-1%E0%B8%82%E0%B8%B5%E0%B8%94-i.35401261.40550695624?extraParams=%7B%22display_model_id%22%3A275054744834%2C%22model_selection_logic%22%3A3%7D","products/40550695624","2026-07-29T04:21:52.142Z"